#Created with DPModeler v3.0 Wavefront OBJ Exporter  Version: v3.0  Build: 2026-06-27
mtllib bridge-model.mtl

#######################################
# 交通组7号推演三维模型(ModelID)
#######################################

#VSize: 8, VTSize: 24, VNSize: 6, FSize: 6
v 2.966046 7.265435 -0.117382
v 2.739262 7.140547 -0.117382
v 2.739262 7.140547 -1.379751
v 2.966046 7.265435 -1.379751
v 2.844690 7.485803 -1.379751
v 2.844690 7.485803 -0.117382
v 2.617907 7.360915 -0.117382
v 2.617907 7.360915 -1.379751

vt 1.0000 1.0000
vt 0.0000 1.0000
vt 0.0000 0.0000
vt 1.0000 0.0000
vt 1.0000 0.0000
vt 1.0000 1.0000
vt 0.0000 1.0000
vt 0.0000 0.0000
vt 0.0000 0.6383
vt 0.3486 0.0000
vt 1.0000 0.3617
vt 0.6514 1.0000
vt 0.0000 0.0000
vt 1.0000 0.0000
vt 1.0000 1.0000
vt 0.0000 1.0000
vt 0.0000 0.0000
vt 0.0000 0.0000
vt 0.0000 0.0000
vt 0.0000 0.0000
vt 0.0000 1.0000
vt 0.0000 0.0000
vt 1.0000 0.0000
vt 1.0000 1.0000

vn 0.4824 -0.8760 0.0000
vn 0.8760 0.4824 0.0000
vn 0.0000 0.0000 1.0000
vn -0.8760 -0.4824 0.0000
vn 0.0000 0.0000 -1.0000
vn -0.4824 0.8760 0.0000

o 交通组7号推演三维模型_1
g 交通组7号推演三维模型

usemtl 096003d4-4fb4-4f61-8dea-43ee7f01a505
f 1/1/1 2/2/1 3/3/1 4/4/1 
usemtl 354fd1ec-24a5-4672-a46d-d6fbe135fe40
f 5/5/2 6/6/2 1/7/2 4/8/2 
usemtl 84c4a92e-e2e6-406c-aa26-38a98126275e
f 7/9/3 2/10/3 1/11/3 6/12/3 
usemtl 70d6159f-d690-44a3-b75d-82c3b89dbedb
f 8/13/4 3/14/4 2/15/4 7/16/4 
usemtl mtl_default
f 4/17/5 3/18/5 8/19/5 5/20/5 
usemtl 20851a30-e1db-4142-b028-956381ab6a92
f 6/21/6 5/22/6 8/23/6 7/24/6 

#VSize: 8, VTSize: 16, VNSize: 4, FSize: 4
v 14.459021 11.269730 -1.666296
v 15.939995 8.591092 -1.666296
v 15.939995 8.591092 -2.654376
v 14.984817 10.318725 -2.654376
v 7.886012 4.138184 -1.666296
v 7.886012 4.138184 -2.654376
v 6.930833 5.865819 -2.654376
v 6.405038 6.816826 -1.666296

vt 0.0000 0.0000
vt 0.0000 0.0000
vt 0.0000 0.0000
vt 0.0000 0.0000
vt 0.0000 0.0000
vt 0.0000 0.0000
vt 0.0000 0.0000
vt 0.0000 0.0000
vt 1.0000 1.0000
vt 0.9387 0.0000
vt 0.0000 0.0000
vt 0.0613 1.0000
vt 0.0000 0.7205
vt 0.1060 1.0000
vt 1.0000 0.2795
vt 0.8940 0.0000

vn 0.8751 0.4839 0.0000
vn 0.4839 -0.8751 0.0000
vn -0.3255 0.5888 -0.7399
vn 0.0000 0.0000 -1.0000

o 交通组7号推演三维模型_2
g 交通组7号推演三维模型

usemtl mtl_default
f 9/25/7 10/26/7 11/27/7 12/28/7 
f 10/29/8 13/30/8 14/31/8 11/32/8 
usemtl 4cffcc26-5dcd-4822-9bf6-d353373304cc
f 9/33/9 12/34/9 15/35/9 16/36/9 
usemtl 1666b5a9-09a5-44af-855c-ecb97c00b917
f 12/37/10 11/38/10 14/39/10 15/40/10 

#VSize: 12, VTSize: 36, VNSize: 9, FSize: 9
v 7.760634 10.113888 -0.117382
v 5.781988 9.024257 -0.117382
v 5.809243 8.974765 -0.117382
v 7.787899 10.064384 -0.117382
v 7.815154 10.014892 -1.379750
v 7.787899 10.064384 -1.379751
v 7.815154 10.014892 -0.117382
v 5.836498 8.925272 -1.379750
v 5.809243 8.974765 -1.379751
v 5.836498 8.925272 -0.117382
v 7.760634 10.113887 -1.379750
v 5.781988 9.024257 -1.379750

vt 0.9732 1.0000
vt 0.0000 0.0833
vt 0.0134 0.0416
vt 0.9866 0.9584
vt 0.0000 0.0000
vt 0.0000 0.0000
vt 0.0000 0.0000
vt 0.0000 0.0000
vt 0.0000 0.0000
vt 0.0000 0.0000
vt 0.0000 0.0000
vt 0.0000 0.0000
vt 0.0134 0.0416
vt 0.0268 0.0000
vt 1.0000 0.9167
vt 0.9866 0.9584
vt 0.0000 0.0000
vt 0.0000 0.0000
vt 0.0000 0.0000
vt 0.0000 0.0000
vt 0.0000 0.0000
vt 1.0000 0.0000
vt 1.0000 1.0000
vt 0.0000 1.0000
vt 0.0000 0.0000
vt 0.0000 0.0000
vt 0.0000 0.0000
vt 0.0000 0.0000
vt 0.0000 1.0000
vt 0.0000 0.0000
vt 1.0000 0.0000
vt 1.0000 1.0000
vt 0.0000 0.0000
vt 0.0000 0.0000
vt 0.0000 0.0000
vt 0.0000 0.0000

vn 0.0000 0.0000 1.0000
vn 0.8760 0.4824 0.0000
vn 0.0000 -0.0000 -1.0000
vn 0.0000 0.0000 1.0000
vn 0.8759 0.4824 -0.0000
vn -0.4824 0.8760 -0.0000
vn -0.0000 0.0000 -1.0000
vn 0.4824 -0.8760 0.0000
vn -0.4824 0.8760 0.0000

o 交通组7号推演三维模型_3
g 交通组7号推演三维模型

usemtl e750f405-f351-4551-bdc4-a39dd8b18577
f 17/41/11 18/42/11 19/43/11 20/44/11 
usemtl mtl_default
f 21/45/12 22/46/12 20/47/12 23/48/12 
f 21/49/13 24/50/13 25/51/13 22/52/13 
usemtl e750f405-f351-4551-bdc4-a39dd8b18577
f 19/53/14 26/54/14 23/55/14 20/56/14 
usemtl mtl_default
f 22/57/15 27/58/15 17/59/15 20/60/15 
usemtl eafef049-3de1-4808-8202-9fea347a6534
f 27/61/16 28/62/16 18/63/16 17/64/16 
usemtl mtl_default
f 28/65/17 27/66/17 22/67/17 25/68/17 
usemtl 692db0c8-424e-4626-b3d0-3367f68149c5
f 26/69/18 24/70/18 21/71/18 23/72/18 
usemtl mtl_default
f 19/73/19 20/74/19 22/75/19 25/76/19 

#VSize: 16, VTSize: 40, VNSize: 9, FSize: 9
v 10.703489 -0.145414 0.215752
v 10.643431 -0.221139 0.215752
v 10.654582 -0.316771 0.215752
v 10.730065 -0.376538 0.215752
v 10.825705 -0.365464 0.215752
v 10.885533 -0.290029 0.215752
v 10.874534 -0.194379 0.215752
v 10.799147 -0.134492 0.215752
v 10.643431 -0.221139 -0.029177
v 10.654582 -0.316771 -0.029177
v 10.730065 -0.376538 -0.029177
v 10.825705 -0.365464 -0.029177
v 10.885533 -0.290029 -0.029177
v 10.874534 -0.194379 -0.029177
v 10.799147 -0.134492 -0.029177
v 10.703489 -0.145414 -0.029177

vt 0.7513 0.0438
vt 0.3539 0.0000
vt 0.0433 0.2495
vt 0.0000 0.6455
vt 0.2492 0.9563
vt 0.6451 1.0000
vt 0.9560 0.7510
vt 1.0000 0.3550
vt 0.0433 1.0000
vt 0.3539 1.0000
vt 0.3539 0.0000
vt 0.0433 0.0000
vt 0.7508 1.0000
vt 1.0000 1.0000
vt 1.0000 0.0000
vt 0.7508 0.0000
vt 0.0440 1.0000
vt 0.3549 1.0000
vt 0.3549 0.0000
vt 0.0440 0.0000
vt 0.7513 1.0000
vt 1.0000 1.0000
vt 1.0000 0.0000
vt 0.7513 0.0000
vt 0.3545 1.0000
vt 0.7505 1.0000
vt 0.7505 0.0000
vt 0.3545 0.0000
vt 0.3549 1.0000
vt 0.7508 1.0000
vt 0.7508 0.0000
vt 0.3549 0.0000
vt 0.3550 1.0000
vt 0.7510 1.0000
vt 0.7510 0.0000
vt 0.3550 0.0000
vt 0.3539 1.0000
vt 0.7513 1.0000
vt 0.7513 0.0000
vt 0.3539 0.0000

vn 0.0000 0.0000 1.0000
vn -0.9933 -0.1158 0.0000
vn 0.1150 -0.9934 0.0000
vn 0.9935 0.1142 0.0000
vn -0.1134 0.9935 0.0000
vn -0.6208 -0.7840 0.0000
vn 0.7835 -0.6214 0.0000
vn 0.6220 0.7830 0.0000
vn -0.7835 0.6214 0.0000

o 交通组7号推演三维模型_4
g 交通组7号推演三维模型

usemtl 58e2627b-8901-457b-8afb-e4e3c1aa69dc
f 29/77/20 30/78/20 31/79/20 32/80/20 33/81/20 34/82/20 35/83/20 36/84/20 
usemtl ab0ec295-96e8-4fbf-9a4d-d77f4e535cb0
f 31/85/21 30/86/21 37/87/21 38/88/21 
f 33/89/22 32/90/22 39/91/22 40/92/22 
f 35/93/23 34/94/23 41/95/23 42/96/23 
f 29/97/24 36/98/24 43/99/24 44/100/24 
f 32/101/25 31/102/25 38/103/25 39/104/25 
f 34/105/26 33/106/26 40/107/26 41/108/26 
f 36/109/27 35/110/27 42/111/27 43/112/27 
f 30/113/28 29/114/28 44/115/28 37/116/28 

#VSize: 12, VTSize: 36, VNSize: 9, FSize: 9
v 12.215832 12.438652 -0.117382
v 12.188567 12.488155 -0.117382
v 10.210056 11.398272 -0.117382
v 10.237317 11.348783 -0.117382
v 12.161305 12.537644 -1.379750
v 12.161305 12.537644 -0.117382
v 12.188567 12.488155 -1.379751
v 10.210056 11.398272 -1.379751
v 10.182794 11.447761 -1.379750
v 10.182794 11.447761 -0.117382
v 12.215831 12.438653 -1.379750
v 10.237317 11.348783 -1.379750

vt 0.9732 1.0000
vt 0.9866 0.9584
vt 0.0134 0.0416
vt 0.0000 0.0833
vt 0.0000 0.0000
vt 0.0000 0.0000
vt 0.0000 0.0000
vt 0.0000 0.0000
vt 0.0000 0.0000
vt 0.0000 0.0000
vt 0.0000 0.0000
vt 0.0000 0.0000
vt 0.0134 0.0416
vt 0.9866 0.9584
vt 1.0000 0.9167
vt 0.0268 0.0000
vt 0.0000 0.0000
vt 0.0000 0.0000
vt 0.0000 0.0000
vt 0.0000 0.0000
vt 0.0000 0.0000
vt 0.0000 1.0000
vt 1.0000 1.0000
vt 1.0000 0.0000
vt 0.0000 0.0000
vt 0.0000 0.0000
vt 0.0000 0.0000
vt 0.0000 0.0000
vt 0.0000 1.0000
vt 1.0000 1.0000
vt 1.0000 0.0000
vt 0.0000 0.0000
vt 0.0000 0.0000
vt 0.0000 0.0000
vt 0.0000 0.0000
vt 0.0000 0.0000

vn 0.0000 0.0000 1.0000
vn 0.8759 0.4825 0.0000
vn -0.0000 0.0000 -1.0000
vn 0.0000 0.0000 1.0000
vn 0.8759 0.4824 -0.0000
vn 0.4825 -0.8759 -0.0000
vn 0.0000 -0.0000 -1.0000
vn -0.4825 0.8759 0.0000
vn 0.4825 -0.8759 0.0000

o 交通组7号推演三维模型_5
g 交通组7号推演三维模型

usemtl e750f405-f351-4551-bdc4-a39dd8b18577
f 45/117/29 46/118/29 47/119/29 48/120/29 
usemtl mtl_default
f 49/121/30 50/122/30 46/123/30 51/124/30 
f 49/125/31 51/126/31 52/127/31 53/128/31 
usemtl e750f405-f351-4551-bdc4-a39dd8b18577
f 47/129/32 46/130/32 50/131/32 54/132/32 
usemtl mtl_default
f 51/133/33 46/134/33 45/135/33 55/136/33 
usemtl eafef049-3de1-4808-8202-9fea347a6534
f 55/137/34 45/138/34 48/139/34 56/140/34 
usemtl mtl_default
f 56/141/35 52/142/35 51/143/35 55/144/35 
usemtl 692db0c8-424e-4626-b3d0-3367f68149c5
f 54/145/36 50/146/36 49/147/36 53/148/36 
usemtl mtl_default
f 47/149/37 52/150/37 51/151/37 46/152/37 

#VSize: 8, VTSize: 24, VNSize: 6, FSize: 6
v 19.612662 4.813402 -0.117382
v 19.612662 4.813402 -1.379751
v 19.385877 4.688514 -1.379751
v 19.385877 4.688514 -0.117382
v 19.734016 4.593033 -1.379751
v 19.734016 4.593032 -0.117382
v 19.507232 4.468145 -0.117382
v 19.507232 4.468145 -1.379751

vt 0.0000 1.0000
vt 0.0000 0.0000
vt 1.0000 0.0000
vt 1.0000 1.0000
vt 0.0000 0.0000
vt 1.0000 0.0000
vt 1.0000 1.0000
vt 0.0000 1.0000
vt 0.6514 1.0000
vt 0.0000 0.6383
vt 0.3486 0.0000
vt 1.0000 0.3617
vt 1.0000 0.0000
vt 1.0000 1.0000
vt 0.0000 1.0000
vt 0.0000 0.0000
vt 0.0000 0.0000
vt 0.0000 0.0000
vt 0.0000 0.0000
vt 0.0000 0.0000
vt 1.0000 1.0000
vt 0.0000 1.0000
vt 0.0000 0.0000
vt 1.0000 0.0000

vn -0.4824 0.8760 0.0000
vn 0.8760 0.4824 0.0000
vn 0.0000 0.0000 1.0000
vn -0.8760 -0.4824 0.0000
vn 0.0000 0.0000 -1.0000
vn 0.4824 -0.8760 -0.0000

o 交通组7号推演三维模型_6
g 交通组7号推演三维模型

usemtl fa9e728b-e874-4132-8fb8-d30c20882b79
f 57/153/38 58/154/38 59/155/38 60/156/38 
usemtl 049470ec-e77d-4e4b-aafd-0cf6f37ac47a
f 61/157/39 58/158/39 57/159/39 62/160/39 
usemtl c62f06d7-9297-4d6f-9abe-1898a6feb2ae
f 63/161/40 62/162/40 57/163/40 60/164/40 
usemtl 662741a3-d302-4076-b929-ea9078955462
f 64/165/41 63/166/41 60/167/41 59/168/41 
usemtl mtl_default
f 58/169/42 61/170/42 64/171/42 59/172/42 
usemtl b3d93a73-a8df-45e7-859b-540712324776
f 62/173/43 63/174/43 64/175/43 61/176/43 

#VSize: 16, VTSize: 40, VNSize: 9, FSize: 9
v 5.756528 8.802136 0.215752
v 5.816646 8.877340 0.215752
v 5.806017 8.973032 0.215752
v 5.730860 9.033210 0.215752
v 5.635160 9.022656 0.215752
v 5.574923 8.947548 0.215752
v 5.585400 8.851840 0.215752
v 5.660460 8.791542 0.215752
v 5.585400 8.851840 -0.029177
v 5.660460 8.791542 -0.029177
v 5.635160 9.022656 -0.029177
v 5.574923 8.947548 -0.029177
v 5.806017 8.973032 -0.029177
v 5.730860 9.033210 -0.029177
v 5.756528 8.802136 -0.029177
v 5.816646 8.877340 -0.029177

vt 0.7513 0.0438
vt 1.0000 0.3550
vt 0.9560 0.7510
vt 0.6451 1.0000
vt 0.2492 0.9563
vt 0.0000 0.6455
vt 0.0433 0.2495
vt 0.3539 0.0000
vt 0.0433 1.0000
vt 0.0433 0.0000
vt 0.3539 0.0000
vt 0.3539 1.0000
vt 0.7508 1.0000
vt 0.7508 0.0000
vt 1.0000 0.0000
vt 1.0000 1.0000
vt 0.0440 1.0000
vt 0.0440 0.0000
vt 0.3549 0.0000
vt 0.3549 1.0000
vt 0.7513 1.0000
vt 0.7513 0.0000
vt 1.0000 0.0000
vt 1.0000 1.0000
vt 0.3545 1.0000
vt 0.3545 0.0000
vt 0.7505 0.0000
vt 0.7505 1.0000
vt 0.3549 1.0000
vt 0.3549 0.0000
vt 0.7508 0.0000
vt 0.7508 1.0000
vt 0.3550 1.0000
vt 0.3550 0.0000
vt 0.7510 0.0000
vt 0.7510 1.0000
vt 0.3539 1.0000
vt 0.3539 0.0000
vt 0.7513 0.0000
vt 0.7513 1.0000

vn 0.0000 0.0000 1.0000
vn -0.6263 -0.7796 0.0000
vn -0.7801 0.6256 0.0000
vn 0.6250 0.7806 0.0000
vn 0.7811 -0.6244 0.0000
vn -0.9941 -0.1088 0.0000
vn -0.1096 0.9940 0.0000
vn 0.9939 0.1104 0.0000
vn 0.1096 -0.9940 0.0000

o 交通组7号推演三维模型_7
g 交通组7号推演三维模型

usemtl 58e2627b-8901-457b-8afb-e4e3c1aa69dc
f 65/177/44 66/178/44 67/179/44 68/180/44 69/181/44 70/182/44 71/183/44 72/184/44 
usemtl ab0ec295-96e8-4fbf-9a4d-d77f4e535cb0
f 71/185/45 73/186/45 74/187/45 72/188/45 
f 69/189/46 75/190/46 76/191/46 70/192/46 
f 67/193/47 77/194/47 78/195/47 68/196/47 
f 65/197/48 79/198/48 80/199/48 66/200/48 
f 70/201/49 76/202/49 73/203/49 71/204/49 
f 68/205/50 78/206/50 75/207/50 69/208/50 
f 66/209/51 80/210/51 77/211/51 67/212/51 
f 72/213/52 74/214/52 79/215/52 65/216/52 

#VSize: 8, VTSize: 24, VNSize: 6, FSize: 6
v 28.913949 9.916768 -0.117382
v 29.140731 10.041656 -0.117382
v 29.140731 10.041656 -1.379751
v 28.913949 9.916768 -1.379751
v 29.035304 9.696400 -1.379751
v 29.035304 9.696400 -0.117382
v 29.262088 9.821288 -0.117382
v 29.262088 9.821290 -1.379751

vt 1.0000 1.0000
vt 0.0000 1.0000
vt 0.0000 0.0000
vt 1.0000 0.0000
vt 1.0000 0.0000
vt 1.0000 1.0000
vt 0.0000 1.0000
vt 0.0000 0.0000
vt 0.0000 0.6383
vt 0.3486 0.0000
vt 1.0000 0.3617
vt 0.6514 1.0000
vt 0.0000 0.0000
vt 1.0000 0.0000
vt 1.0000 1.0000
vt 0.0000 1.0000
vt 0.0000 0.0000
vt 0.0000 0.0000
vt 0.0000 0.0000
vt 0.0000 0.0000
vt 0.0000 1.0000
vt 0.0000 0.0000
vt 1.0000 0.0000
vt 1.0000 1.0000

vn -0.4824 0.8760 0.0000
vn -0.8760 -0.4824 0.0000
vn 0.0000 0.0000 1.0000
vn 0.8760 0.4824 0.0000
vn 0.0000 0.0000 -1.0000
vn 0.4824 -0.8760 -0.0000

o 交通组7号推演三维模型_8
g 交通组7号推演三维模型

usemtl 096003d4-4fb4-4f61-8dea-43ee7f01a505
f 81/217/53 82/218/53 83/219/53 84/220/53 
usemtl 354fd1ec-24a5-4672-a46d-d6fbe135fe40
f 85/221/54 86/222/54 81/223/54 84/224/54 
usemtl 84c4a92e-e2e6-406c-aa26-38a98126275e
f 87/225/55 82/226/55 81/227/55 86/228/55 
usemtl 70d6159f-d690-44a3-b75d-82c3b89dbedb
f 88/229/56 83/230/56 82/231/56 87/232/56 
usemtl mtl_default
f 84/233/57 83/234/57 88/235/57 85/236/57 
usemtl 20851a30-e1db-4142-b028-956381ab6a92
f 86/237/58 85/238/58 88/239/58 87/240/58 

#VSize: 16, VTSize: 40, VNSize: 9, FSize: 9
v 0.859047 5.684457 3.765762
v 0.851044 5.652524 3.782521
v 0.842504 5.618445 3.771107
v 0.838423 5.602164 3.738200
v 0.841191 5.613209 3.703058
v 0.849187 5.645116 3.686247
v 0.857732 5.679212 3.697606
v 0.861825 5.695544 3.730486
v 0.793329 5.630769 3.771107
v 0.789249 5.614488 3.738200
v 0.809872 5.696780 3.765762
v 0.801870 5.664848 3.782521
v 0.800013 5.657439 3.686247
v 0.808558 5.691536 3.697606
v 0.792017 5.625532 3.703058
v 0.812651 5.707867 3.730486

vt 0.7785 0.8259
vt 0.4764 1.0000
vt 0.1540 0.8814
vt 0.0000 0.5396
vt 0.1045 0.1746
vt 0.4063 0.0000
vt 0.7289 0.1180
vt 0.8834 0.4595
vt 0.6776 0.5396
vt 0.7338 0.8814
vt 0.0562 0.8814
vt 0.0000 0.5396
vt 0.0383 0.8259
vt 0.7158 0.8259
vt 0.8261 1.0000
vt 0.1485 1.0000
vt 0.1741 0.4063
vt 0.8517 0.5229
vt 0.7339 0.8455
vt 0.0564 0.7289
vt 0.6776 0.5396
vt 0.0000 0.5396
vt 0.0381 0.1746
vt 0.7157 0.1746
vt 0.8515 0.4764
vt 0.1739 0.5930
vt 0.0562 0.2706
vt 0.7338 0.1540
vt 0.0000 0.4595
vt 0.6776 0.4595
vt 0.7158 0.8259
vt 0.0383 0.8259
vt 0.0000 0.4595
vt 0.0564 0.1180
vt 0.7339 0.1180
vt 0.6776 0.4595
vt 0.8259 0.0000
vt 0.7157 0.1746
vt 0.0381 0.1746
vt 0.1483 0.0000

vn 0.9700 -0.2431 -0.0000
vn -0.2166 -0.8641 0.4544
vn 0.1103 0.4401 0.8912
vn 0.0747 0.2983 -0.9516
vn -0.2313 -0.9228 -0.3082
vn -0.0751 -0.2997 0.9511
vn 0.2312 0.9228 0.3082
vn 0.2164 0.8634 -0.4558
vn -0.1106 -0.4414 -0.8905

o 交通组7号推演三维模型_9
g 交通组7号推演三维模型

usemtl 4d625ac2-50d5-4688-be73-958982bc3f54
f 89/241/59 90/242/59 91/243/59 92/244/59 93/245/59 94/246/59 95/247/59 96/248/59 
f 92/249/60 91/250/60 97/251/60 98/252/60 
f 89/253/61 99/254/61 100/255/61 90/256/61 
f 94/257/62 101/258/62 102/259/62 95/260/62 
f 92/261/63 98/262/63 103/263/63 93/264/63 
f 90/265/64 100/266/64 97/267/64 91/268/64 
f 96/269/65 104/270/65 99/271/65 89/272/65 
f 96/273/66 95/274/66 102/275/66 104/276/66 
f 94/277/67 93/278/67 103/279/67 101/280/67 

#VSize: 14, VTSize: 28, VNSize: 7, FSize: 7
v 14.374023 13.750727 -0.117382
v 13.390104 13.196205 -0.117382
v 13.417868 13.146956 -0.117382
v 14.401766 13.701506 -0.117382
v 13.417868 13.146956 -1.379750
v 14.401766 13.701506 -1.379751
v 14.429510 13.652286 -1.379750
v 13.445625 13.097713 -1.379750
v 13.445624 13.097712 -0.117382
v 14.429511 13.652286 -0.117382
v 13.390104 13.196205 -1.379750
v 14.374023 13.750727 -1.379750
v 12.403094 12.661032 -1.379750
v 12.403094 12.661032 -0.117382

vt 0.0000 0.1558
vt 0.9485 1.0000
vt 0.9743 0.9221
vt 0.0257 0.0779
vt 0.0000 0.0000
vt 0.0000 0.0000
vt 0.0000 0.0000
vt 0.0000 0.0000
vt 1.0000 0.8441
vt 0.0515 0.0000
vt 0.0257 0.0779
vt 0.9743 0.9221
vt 0.0000 0.0000
vt 0.0000 0.0000
vt 0.0000 0.0000
vt 0.0000 0.0000
vt 0.0000 0.0000
vt 0.0000 0.0000
vt 0.0000 0.0000
vt 0.0000 0.0000
vt 0.0000 0.0000
vt 0.0000 0.0000
vt 0.0000 0.0000
vt 0.0000 0.0000
vt 0.0000 1.0000
vt 0.0000 0.0000
vt 1.0000 0.0000
vt 1.0000 1.0000

vn 0.0000 0.0000 1.0000
vn 0.0000 -0.0000 -1.0000
vn 0.0000 0.0000 1.0000
vn -0.8711 -0.4911 0.0000
vn -0.8711 -0.4910 -0.0000
vn -0.0000 0.0000 -1.0000
vn -0.4839 0.8751 0.0000

o 交通组7号推演三维模型_10
g 交通组7号推演三维模型

usemtl 28a37069-5882-4410-8c7a-4ee09302eaf7
f 105/281/68 106/282/68 107/283/68 108/284/68 
usemtl mtl_default
f 109/285/69 110/286/69 111/287/69 112/288/69 
usemtl 28a37069-5882-4410-8c7a-4ee09302eaf7
f 113/289/70 114/290/70 108/291/70 107/292/70 
usemtl mtl_default
f 107/293/71 106/294/71 115/295/71 109/296/71 
f 113/297/72 107/298/72 109/299/72 112/300/72 
f 115/301/73 116/302/73 110/303/73 109/304/73 
usemtl d4f4cb9c-f213-4e1e-977e-416ea81b239d
f 105/305/74 116/306/74 117/307/74 118/308/74 

#VSize: 16, VTSize: 40, VNSize: 9, FSize: 9
v 19.636158 4.682742 -0.029177
v 19.583927 4.724406 -0.029177
v 19.517797 4.716884 -0.029177
v 19.476334 4.664820 -0.029177
v 19.483804 4.598684 -0.029177
v 19.535834 4.557179 -0.029177
v 19.601976 4.564597 -0.029177
v 19.643522 4.616593 -0.029177
v 19.483804 4.598684 -0.117382
v 19.535834 4.557179 -0.117382
v 19.601976 4.564597 -0.117382
v 19.643522 4.616593 -0.117382
v 19.636158 4.682742 -0.117382
v 19.583927 4.724406 -0.117382
v 19.517797 4.716884 -0.117382
v 19.476334 4.664820 -0.117382

vt 0.0000 0.0000
vt 0.0000 0.0000
vt 0.0000 0.0000
vt 0.0000 0.0000
vt 0.0000 0.0000
vt 0.0000 0.0000
vt 0.0000 0.0000
vt 0.0000 0.0000
vt 0.3559 1.0000
vt 0.0447 1.0000
vt 0.0447 0.0000
vt 0.3559 0.0000
vt 1.0000 1.0000
vt 0.7515 1.0000
vt 0.7515 0.0000
vt 1.0000 0.0000
vt 0.3565 1.0000
vt 0.0440 1.0000
vt 0.0440 0.0000
vt 0.3565 0.0000
vt 0.7520 1.0000
vt 0.3565 1.0000
vt 0.3565 0.0000
vt 0.7520 0.0000
vt 0.7518 1.0000
vt 0.3563 1.0000
vt 0.3563 0.0000
vt 0.7518 0.0000
vt 0.7515 1.0000
vt 0.3559 1.0000
vt 0.3559 0.0000
vt 0.7515 0.0000
vt 0.7509 1.0000
vt 0.3553 1.0000
vt 0.3553 0.0000
vt 0.7509 0.0000
vt 1.0000 1.0000
vt 0.7520 1.0000
vt 0.7520 0.0000
vt 1.0000 0.0000

vn 0.0000 0.0000 1.0000
vn -0.6236 -0.7817 0.0000
vn 0.7812 -0.6242 0.0000
vn 0.6236 0.7817 0.0000
vn -0.1130 0.9936 0.0000
vn -0.9937 -0.1122 0.0000
vn 0.1115 -0.9938 0.0000
vn 0.9939 0.1106 0.0000
vn -0.7822 0.6230 0.0000

o 交通组7号推演三维模型_11
g 交通组7号推演三维模型

usemtl mtl_default
f 119/309/75 120/310/75 121/311/75 122/312/75 123/313/75 124/314/75 125/315/75 126/316/75 
usemtl b8e02c5d-1f19-437f-a102-4402567d5c44
f 124/317/76 123/318/76 127/319/76 128/320/76 
f 126/321/77 125/322/77 129/323/77 130/324/77 
f 120/325/78 119/326/78 131/327/78 132/328/78 
f 121/329/79 120/330/79 132/331/79 133/332/79 
f 123/333/80 122/334/80 134/335/80 127/336/80 
f 125/337/81 124/338/81 128/339/81 129/340/81 
f 119/341/82 126/342/82 130/343/82 131/344/82 
f 122/345/83 121/346/83 133/347/83 134/348/83 

#VSize: 16, VTSize: 40, VNSize: 9, FSize: 9
v 5.529745 8.677248 0.215752
v 5.590056 8.752771 0.215752
v 5.579227 8.848441 0.215752
v 5.503946 8.908461 0.215752
v 5.408268 8.897709 0.215752
v 5.348187 8.822475 0.215752
v 5.358864 8.726789 0.215752
v 5.434050 8.666648 0.215752
v 5.590056 8.752771 -0.029177
v 5.579227 8.848441 -0.029177
v 5.503946 8.908461 -0.029177
v 5.408268 8.897709 -0.029177
v 5.348187 8.822475 -0.029177
v 5.358864 8.726789 -0.029177
v 5.434050 8.666648 -0.029177
v 5.529745 8.677248 -0.029177

vt 0.7506 0.0438
vt 1.0000 0.3562
vt 0.9552 0.7518
vt 0.6440 1.0000
vt 0.2484 0.9555
vt 0.0000 0.6444
vt 0.0441 0.2487
vt 0.3550 0.0000
vt 0.7518 1.0000
vt 0.3562 1.0000
vt 0.3562 0.2648
vt 0.7518 0.2648
vt 0.7516 1.0000
vt 0.3560 1.0000
vt 0.3560 0.2648
vt 0.7516 0.2648
vt 0.7513 1.0000
vt 0.3556 1.0000
vt 0.3556 0.2648
vt 0.7513 0.2648
vt 0.7506 1.0000
vt 0.3550 1.0000
vt 0.3550 0.2648
vt 0.7506 0.2648
vt 0.3560 1.0000
vt 0.0448 1.0000
vt 0.0448 0.2648
vt 0.3560 0.2648
vt 1.0000 1.0000
vt 0.7516 1.0000
vt 0.7516 0.2648
vt 1.0000 0.2648
vt 0.3550 1.0000
vt 0.0441 1.0000
vt 0.0441 0.2648
vt 0.3550 0.2648
vt 1.0000 1.0000
vt 0.7506 1.0000
vt 0.7506 0.2648
vt 1.0000 0.2648

vn 0.0000 0.0000 1.0000
vn 0.9937 0.1125 0.0000
vn -0.1117 0.9937 0.0000
vn -0.9938 -0.1109 0.0000
vn 0.1101 -0.9939 0.0000
vn 0.6234 0.7819 0.0000
vn -0.7814 0.6240 0.0000
vn -0.6246 -0.7809 0.0000
vn 0.7814 -0.6240 0.0000

o 交通组7号推演三维模型_12
g 交通组7号推演三维模型

usemtl b720da2e-8480-43e8-92cd-52b03b689608
f 135/349/84 136/350/84 137/351/84 138/352/84 139/353/84 140/354/84 141/355/84 142/356/84 
usemtl a2ba5d5f-a1b7-4f2b-bda4-4826e594708c
f 137/357/85 136/358/85 143/359/85 144/360/85 
f 139/361/86 138/362/86 145/363/86 146/364/86 
f 141/365/87 140/366/87 147/367/87 148/368/87 
f 135/369/88 142/370/88 149/371/88 150/372/88 
f 138/373/89 137/374/89 144/375/89 145/376/89 
f 140/377/90 139/378/90 146/379/90 147/380/90 
f 142/381/91 141/382/91 148/383/91 149/384/91 
f 136/385/92 135/386/92 150/387/92 143/388/92 

#VSize: 16, VTSize: 40, VNSize: 9, FSize: 9
v 10.477126 -0.271063 0.215752
v 10.417261 -0.346469 0.215752
v 10.428212 -0.442124 0.215752
v 10.503571 -0.502049 0.215752
v 10.599234 -0.491174 0.215752
v 10.659219 -0.415864 0.215752
v 10.648421 -0.320191 0.215752
v 10.573158 -0.260146 0.215752
v 10.648421 -0.320191 -0.029177
v 10.573158 -0.260146 -0.029177
v 10.599234 -0.491174 -0.029177
v 10.659219 -0.415864 -0.029177
v 10.428212 -0.442124 -0.029177
v 10.503571 -0.502049 -0.029177
v 10.477126 -0.271063 -0.029177
v 10.417261 -0.346469 -0.029177

vt 0.7506 0.0438
vt 0.3550 0.0000
vt 0.0441 0.2487
vt 0.0000 0.6444
vt 0.2484 0.9555
vt 0.6440 1.0000
vt 0.9552 0.7518
vt 1.0000 0.3562
vt 0.7518 1.0000
vt 0.7518 0.2648
vt 0.3562 0.2648
vt 0.3562 1.0000
vt 0.7516 1.0000
vt 0.7516 0.2648
vt 0.3560 0.2648
vt 0.3560 1.0000
vt 0.7513 1.0000
vt 0.7513 0.2648
vt 0.3556 0.2648
vt 0.3556 1.0000
vt 0.7506 1.0000
vt 0.7506 0.2648
vt 0.3550 0.2648
vt 0.3550 1.0000
vt 0.3560 1.0000
vt 0.3560 0.2648
vt 0.0448 0.2648
vt 0.0448 1.0000
vt 1.0000 1.0000
vt 1.0000 0.2648
vt 0.7516 0.2648
vt 0.7516 1.0000
vt 0.3550 1.0000
vt 0.3550 0.2648
vt 0.0441 0.2648
vt 0.0441 1.0000
vt 1.0000 1.0000
vt 1.0000 0.2648
vt 0.7506 0.2648
vt 0.7506 1.0000

vn 0.0000 0.0000 1.0000
vn 0.6236 0.7817 0.0000
vn 0.7822 -0.6230 0.0000
vn -0.6224 -0.7827 0.0000
vn -0.7832 0.6218 0.0000
vn 0.9937 0.1122 0.0000
vn 0.1130 -0.9936 0.0000
vn -0.9935 -0.1137 0.0000
vn -0.1130 0.9936 0.0000

o 交通组7号推演三维模型_13
g 交通组7号推演三维模型

usemtl b720da2e-8480-43e8-92cd-52b03b689608
f 151/389/93 152/390/93 153/391/93 154/392/93 155/393/93 156/394/93 157/395/93 158/396/93 
usemtl a2ba5d5f-a1b7-4f2b-bda4-4826e594708c
f 157/397/94 159/398/94 160/399/94 158/400/94 
f 155/401/95 161/402/95 162/403/95 156/404/95 
f 153/405/96 163/406/96 164/407/96 154/408/96 
f 151/409/97 165/410/97 166/411/97 152/412/97 
f 156/413/98 162/414/98 159/415/98 157/416/98 
f 154/417/99 164/418/99 161/419/99 155/420/99 
f 152/421/100 166/422/100 163/423/100 153/424/100 
f 158/425/101 160/426/101 165/427/101 151/428/101 

#VSize: 8, VTSize: 24, VNSize: 6, FSize: 6
v 7.918183 -1.691479 -0.117382
v 7.918183 -1.691479 -1.379751
v 7.691820 -1.817127 -1.379751
v 7.691820 -1.817127 -0.117382
v 8.040277 -1.911439 -1.379751
v 8.040277 -1.911439 -0.117382
v 7.813915 -2.037087 -0.117382
v 7.813915 -2.037087 -1.379751

vt 1.0000 1.0000
vt 1.0000 0.0000
vt 0.0000 0.0000
vt 0.0000 1.0000
vt 1.0000 0.0000
vt 0.0000 0.0000
vt 0.0000 1.0000
vt 1.0000 1.0000
vt 0.0000 0.6383
vt 0.6514 1.0000
vt 1.0000 0.3617
vt 0.3486 0.0000
vt 0.0000 0.0000
vt 0.0000 1.0000
vt 1.0000 1.0000
vt 1.0000 0.0000
vt 0.0000 0.0000
vt 0.0000 0.0000
vt 0.0000 0.0000
vt 0.0000 0.0000
vt 0.0000 1.0000
vt 1.0000 1.0000
vt 1.0000 0.0000
vt 0.0000 0.0000

vn -0.4853 0.8743 0.0000
vn 0.8743 0.4853 0.0000
vn 0.0000 0.0000 1.0000
vn -0.8743 -0.4853 0.0000
vn 0.0000 0.0000 -1.0000
vn 0.4853 -0.8743 0.0000

o 交通组7号推演三维模型_14
g 交通组7号推演三维模型

usemtl 096003d4-4fb4-4f61-8dea-43ee7f01a505
f 167/429/102 168/430/102 169/431/102 170/432/102 
usemtl 354fd1ec-24a5-4672-a46d-d6fbe135fe40
f 171/433/103 168/434/103 167/435/103 172/436/103 
usemtl 84c4a92e-e2e6-406c-aa26-38a98126275e
f 173/437/104 172/438/104 167/439/104 170/440/104 
usemtl 70d6159f-d690-44a3-b75d-82c3b89dbedb
f 174/441/105 173/442/105 170/443/105 169/444/105 
usemtl mtl_default
f 168/445/106 171/446/106 174/447/106 169/448/106 
usemtl 20851a30-e1db-4142-b028-956381ab6a92
f 172/449/107 173/450/107 174/451/107 171/452/107 

#VSize: 8, VTSize: 16, VNSize: 4, FSize: 4
v 17.420969 5.912455 -1.666296
v 15.939995 8.591092 -1.666296
v 15.939995 8.591092 -2.654376
v 16.895173 6.863460 -2.654376
v 23.993978 13.044001 -1.666296
v 23.993978 13.044001 -2.654376
v 24.949157 11.316365 -2.654376
v 25.474952 10.365359 -1.666296

vt 0.0000 0.0000
vt 0.0000 0.0000
vt 0.0000 0.0000
vt 0.0000 0.0000
vt 0.0000 0.0000
vt 0.0000 0.0000
vt 0.0000 0.0000
vt 0.0000 0.0000
vt 1.0000 1.0000
vt 0.9387 0.0000
vt 0.0000 0.0000
vt 0.0613 1.0000
vt 0.0000 0.7205
vt 0.1060 1.0000
vt 1.0000 0.2795
vt 0.8940 0.0000

vn -0.8751 -0.4839 0.0000
vn -0.4839 0.8751 0.0000
vn 0.3255 -0.5888 -0.7399
vn 0.0000 0.0000 -1.0000

o 交通组7号推演三维模型_15
g 交通组7号推演三维模型

usemtl mtl_default
f 175/453/108 176/454/108 177/455/108 178/456/108 
f 176/457/109 179/458/109 180/459/109 177/460/109 
usemtl 4cffcc26-5dcd-4822-9bf6-d353373304cc
f 175/461/110 178/462/110 181/463/110 182/464/110 
usemtl 1666b5a9-09a5-44af-855c-ecb97c00b917
f 178/465/111 177/466/111 180/467/111 181/468/111 

#VSize: 16, VTSize: 40, VNSize: 9, FSize: 9
v 21.707123 5.804402 -0.029177
v 21.759359 5.762745 -0.029177
v 21.825488 5.770276 -0.029177
v 21.866944 5.822345 -0.029177
v 21.859466 5.888480 -0.029177
v 21.807430 5.929978 -0.029177
v 21.741289 5.922552 -0.029177
v 21.699750 5.870550 -0.029177
v 21.859466 5.888480 -0.117382
v 21.807430 5.929978 -0.117382
v 21.741289 5.922552 -0.117382
v 21.699750 5.870550 -0.117382
v 21.707123 5.804402 -0.117382
v 21.759359 5.762745 -0.117382
v 21.825488 5.770276 -0.117382
v 21.866944 5.822345 -0.117382

vt 0.0000 0.0000
vt 0.0000 0.0000
vt 0.0000 0.0000
vt 0.0000 0.0000
vt 0.0000 0.0000
vt 0.0000 0.0000
vt 0.0000 0.0000
vt 0.0000 0.0000
vt 0.3546 1.0000
vt 0.7506 1.0000
vt 0.7506 0.0000
vt 0.3546 0.0000
vt 0.3547 1.0000
vt 0.7508 1.0000
vt 0.7508 0.0000
vt 0.3547 0.0000
vt 0.3536 1.0000
vt 0.7511 1.0000
vt 0.7511 0.0000
vt 0.3536 0.0000
vt 0.7503 1.0000
vt 1.0000 1.0000
vt 1.0000 0.0000
vt 0.7503 0.0000
vt 0.0435 1.0000
vt 0.3542 1.0000
vt 0.3542 0.0000
vt 0.0435 0.0000
vt 0.7508 1.0000
vt 1.0000 1.0000
vt 1.0000 0.0000
vt 0.7508 0.0000
vt 0.0436 1.0000
vt 0.3547 1.0000
vt 0.3547 0.0000
vt 0.0436 0.0000
vt 0.3542 1.0000
vt 0.7503 1.0000
vt 0.7503 0.0000
vt 0.3542 0.0000

vn 0.0000 0.0000 1.0000
vn 0.6235 0.7818 0.0000
vn -0.7813 0.6241 0.0000
vn -0.6235 -0.7818 0.0000
vn 0.1132 -0.9936 0.0000
vn 0.9937 0.1124 0.0000
vn -0.1116 0.9938 0.0000
vn -0.9938 -0.1108 0.0000
vn 0.7823 -0.6229 0.0000

o 交通组7号推演三维模型_16
g 交通组7号推演三维模型

usemtl mtl_default
f 183/469/112 184/470/112 185/471/112 186/472/112 187/473/112 188/474/112 189/475/112 190/476/112 
usemtl 51d7f373-de3f-4157-8e4b-7e535d3a59a8
f 188/477/113 187/478/113 191/479/113 192/480/113 
f 190/481/114 189/482/114 193/483/114 194/484/114 
f 184/485/115 183/486/115 195/487/115 196/488/115 
f 185/489/116 184/490/116 196/491/116 197/492/116 
f 187/493/117 186/494/117 198/495/117 191/496/117 
f 189/497/118 188/498/118 192/499/118 193/500/118 
f 183/501/119 190/502/119 194/503/119 195/504/119 
f 186/505/120 185/506/120 197/507/120 198/508/120 

#VSize: 16, VTSize: 40, VNSize: 9, FSize: 9
v 12.243843 12.499450 -0.029177
v 12.296074 12.457786 -0.029177
v 12.362204 12.465308 -0.029177
v 12.403667 12.517372 -0.029177
v 12.396198 12.583508 -0.029177
v 12.344167 12.625013 -0.029177
v 12.278025 12.617596 -0.029177
v 12.236479 12.565599 -0.029177
v 12.396198 12.583508 -0.117382
v 12.344167 12.625013 -0.117382
v 12.278025 12.617596 -0.117382
v 12.236479 12.565599 -0.117382
v 12.243843 12.499450 -0.117382
v 12.296074 12.457786 -0.117382
v 12.362204 12.465308 -0.117382
v 12.403667 12.517372 -0.117382

vt 0.0000 0.0000
vt 0.0000 0.0000
vt 0.0000 0.0000
vt 0.0000 0.0000
vt 0.0000 0.0000
vt 0.0000 0.0000
vt 0.0000 0.0000
vt 0.0000 0.0000
vt 0.3559 1.0000
vt 0.0447 1.0000
vt 0.0447 0.0000
vt 0.3559 0.0000
vt 1.0000 1.0000
vt 0.7515 1.0000
vt 0.7515 0.0000
vt 1.0000 0.0000
vt 0.3565 1.0000
vt 0.0440 1.0000
vt 0.0440 0.0000
vt 0.3565 0.0000
vt 0.7520 1.0000
vt 0.3565 1.0000
vt 0.3565 0.0000
vt 0.7520 0.0000
vt 0.7518 1.0000
vt 0.3563 1.0000
vt 0.3563 0.0000
vt 0.7518 0.0000
vt 0.7515 1.0000
vt 0.3559 1.0000
vt 0.3559 0.0000
vt 0.7515 0.0000
vt 0.7509 1.0000
vt 0.3553 1.0000
vt 0.3553 0.0000
vt 0.7509 0.0000
vt 1.0000 1.0000
vt 0.7520 1.0000
vt 0.7520 0.0000
vt 1.0000 0.0000

vn 0.0000 0.0000 1.0000
vn 0.6236 0.7817 0.0000
vn -0.7812 0.6242 0.0000
vn -0.6236 -0.7818 0.0000
vn 0.1130 -0.9936 0.0000
vn 0.9937 0.1122 0.0000
vn -0.1114 0.9938 0.0000
vn -0.9939 -0.1106 0.0000
vn 0.7822 -0.6230 0.0000

o 交通组7号推演三维模型_17
g 交通组7号推演三维模型

usemtl mtl_default
f 199/509/121 200/510/121 201/511/121 202/512/121 203/513/121 204/514/121 205/515/121 206/516/121 
usemtl b8e02c5d-1f19-437f-a102-4402567d5c44
f 204/517/122 203/518/122 207/519/122 208/520/122 
f 206/521/123 205/522/123 209/523/123 210/524/123 
f 200/525/124 199/526/124 211/527/124 212/528/124 
f 201/529/125 200/530/125 212/531/125 213/532/125 
f 203/533/126 202/534/126 214/535/126 207/536/126 
f 205/537/127 204/538/127 208/539/127 209/540/127 
f 199/541/128 206/542/128 210/543/128 211/544/128 
f 202/545/129 201/546/129 213/547/129 214/548/129 

#VSize: 8, VTSize: 24, VNSize: 6, FSize: 6
v 10.816670 -0.082589 -0.117382
v 10.816670 -0.082589 -1.379751
v 10.590307 -0.208238 -1.379751
v 10.590307 -0.208238 -0.117382
v 10.938765 -0.302548 -1.379751
v 10.938765 -0.302548 -0.117382
v 10.712403 -0.428198 -0.117382
v 10.712403 -0.428198 -1.379751

vt 1.0000 1.0000
vt 1.0000 0.0000
vt 0.0000 0.0000
vt 0.0000 1.0000
vt 1.0000 0.0000
vt 0.0000 0.0000
vt 0.0000 1.0000
vt 1.0000 1.0000
vt 0.0000 0.6383
vt 0.6514 1.0000
vt 1.0000 0.3617
vt 0.3486 0.0000
vt 0.0000 0.0000
vt 0.0000 0.0000
vt 0.0000 0.0000
vt 0.0000 0.0000
vt 0.0000 0.0000
vt 0.0000 0.0000
vt 0.0000 0.0000
vt 0.0000 0.0000
vt 0.0000 1.0000
vt 1.0000 1.0000
vt 1.0000 0.0000
vt 0.0000 0.0000

vn -0.4853 0.8743 0.0000
vn 0.8743 0.4853 0.0000
vn 0.0000 0.0000 1.0000
vn -0.8743 -0.4853 0.0000
vn 0.0000 0.0000 -1.0000
vn 0.4853 -0.8743 0.0000

o 交通组7号推演三维模型_18
g 交通组7号推演三维模型

usemtl 3b92234a-972c-4365-9291-1afdd94c635a
f 215/549/130 216/550/130 217/551/130 218/552/130 
usemtl a3121e47-7567-40b1-9e71-68a89b10728e
f 219/553/131 216/554/131 215/555/131 220/556/131 
usemtl 681213e5-dfe8-48e3-b6b3-618be78c8dd7
f 221/557/132 220/558/132 215/559/132 218/560/132 
usemtl mtl_default
f 222/561/133 221/562/133 218/563/133 217/564/133 
f 216/565/134 219/566/134 222/567/134 217/568/134 
usemtl bdb4ef7b-c643-488a-804a-f5d7d0b87883
f 220/569/135 221/570/135 222/571/135 219/572/135 

#VSize: 8, VTSize: 20, VNSize: 5, FSize: 5
v 0.276472 5.899790 3.823270
v 0.226105 5.698813 3.823270
v 0.775854 5.561040 3.823270
v 0.826221 5.762017 3.823270
v 0.826221 5.762017 3.646106
v 0.276472 5.899790 3.646106
v 0.775854 5.561040 3.646106
v 0.226105 5.698813 3.646106

vt 0.0839 1.0000
vt 0.0000 0.4067
vt 0.9161 0.0000
vt 1.0000 0.5933
vt 0.0000 1.0000
vt 0.0000 0.0000
vt 0.9161 0.0000
vt 0.9161 1.0000
vt 0.0000 1.0000
vt 0.0000 0.0000
vt 0.5933 0.0000
vt 0.5933 1.0000
vt 0.0000 1.0000
vt 0.0000 0.0000
vt 0.5933 0.0000
vt 0.5933 1.0000
vt 0.0000 1.0000
vt 0.0000 0.0000
vt 0.9161 0.0000
vt 0.9161 1.0000

vn 0.0000 0.0000 1.0000
vn 0.2431 0.9700 0.0000
vn 0.9700 -0.2431 0.0000
vn -0.9700 0.2431 0.0000
vn -0.2431 -0.9700 0.0000

o 交通组7号推演三维模型_19
g 交通组7号推演三维模型

usemtl 55953e87-0f98-40e6-9722-b87e1636f2f6
f 223/573/136 224/574/136 225/575/136 226/576/136 
f 226/577/137 227/578/137 228/579/137 223/580/137 
f 225/581/138 229/582/138 227/583/138 226/584/138 
f 223/585/139 228/586/139 230/587/139 224/588/139 
f 224/589/140 230/590/140 229/591/140 225/592/140 

#VSize: 16, VTSize: 40, VNSize: 9, FSize: 9
v 21.176517 17.327596 0.215752
v 21.236576 17.403321 0.215752
v 21.225425 17.498953 0.215752
v 21.149942 17.558720 0.215752
v 21.054302 17.547646 0.215752
v 20.994474 17.472211 0.215752
v 21.005472 17.376561 0.215752
v 21.080860 17.316673 0.215752
v 21.236576 17.403321 -0.029177
v 21.225425 17.498953 -0.029177
v 21.149942 17.558720 -0.029177
v 21.054302 17.547646 -0.029177
v 20.994474 17.472211 -0.029177
v 21.005472 17.376561 -0.029177
v 21.080860 17.316673 -0.029177
v 21.176517 17.327596 -0.029177

vt 0.7513 0.0438
vt 0.3539 0.0000
vt 0.0433 0.2495
vt 0.0000 0.6455
vt 0.2492 0.9563
vt 0.6451 1.0000
vt 0.9560 0.7510
vt 1.0000 0.3550
vt 0.0433 1.0000
vt 0.3539 1.0000
vt 0.3539 0.0000
vt 0.0433 0.0000
vt 0.7508 1.0000
vt 1.0000 1.0000
vt 1.0000 0.0000
vt 0.7508 0.0000
vt 0.0440 1.0000
vt 0.3549 1.0000
vt 0.3549 0.0000
vt 0.0440 0.0000
vt 0.7513 1.0000
vt 1.0000 1.0000
vt 1.0000 0.0000
vt 0.7513 0.0000
vt 0.3545 1.0000
vt 0.7505 1.0000
vt 0.7505 0.0000
vt 0.3545 0.0000
vt 0.3549 1.0000
vt 0.7508 1.0000
vt 0.7508 0.0000
vt 0.3549 0.0000
vt 0.3550 1.0000
vt 0.7510 1.0000
vt 0.7510 0.0000
vt 0.3550 0.0000
vt 0.3539 1.0000
vt 0.7513 1.0000
vt 0.7513 0.0000
vt 0.3539 0.0000

vn 0.0000 0.0000 1.0000
vn 0.9933 0.1158 0.0000
vn -0.1150 0.9934 0.0000
vn -0.9935 -0.1142 0.0000
vn 0.1135 -0.9935 0.0000
vn 0.6208 0.7840 0.0000
vn -0.7835 0.6214 0.0000
vn -0.6220 -0.7830 0.0000
vn 0.7835 -0.6214 0.0000

o 交通组7号推演三维模型_20
g 交通组7号推演三维模型

usemtl 58e2627b-8901-457b-8afb-e4e3c1aa69dc
f 231/593/141 232/594/141 233/595/141 234/596/141 235/597/141 236/598/141 237/599/141 238/600/141 
usemtl ab0ec295-96e8-4fbf-9a4d-d77f4e535cb0
f 233/601/142 232/602/142 239/603/142 240/604/142 
f 235/605/143 234/606/143 241/607/143 242/608/143 
f 237/609/144 236/610/144 243/611/144 244/612/144 
f 231/613/145 238/614/145 245/615/145 246/616/145 
f 234/617/146 233/618/146 240/619/146 241/620/146 
f 236/621/147 235/622/147 242/623/147 243/624/147 
f 238/625/148 237/626/148 244/627/148 245/628/148 
f 232/629/149 231/630/149 246/631/149 239/632/149 

#VSize: 8, VTSize: 24, VNSize: 6, FSize: 6
v 13.140029 0.919495 -0.117382
v 12.913651 0.793874 -0.117382
v 12.913651 0.793874 -1.379751
v 13.140030 0.919495 -1.379751
v 13.017961 1.139470 -1.379751
v 13.017961 1.139470 -0.117382
v 12.791583 1.013849 -0.117382
v 12.791583 1.013849 -1.379751

vt 1.0000 1.0000
vt 0.0000 1.0000
vt 0.0000 0.0000
vt 1.0000 0.0000
vt 1.0000 0.0000
vt 1.0000 1.0000
vt 0.0000 1.0000
vt 0.0000 0.0000
vt 0.0000 0.6383
vt 0.3486 0.0000
vt 1.0000 0.3617
vt 0.6514 1.0000
vt 0.0000 0.0000
vt 0.0000 0.0000
vt 0.0000 0.0000
vt 0.0000 0.0000
vt 0.0000 0.0000
vt 0.0000 0.0000
vt 0.0000 0.0000
vt 0.0000 0.0000
vt 0.0000 1.0000
vt 0.0000 0.0000
vt 1.0000 0.0000
vt 1.0000 1.0000

vn 0.4852 -0.8744 0.0000
vn 0.8744 0.4852 0.0000
vn 0.0000 0.0000 1.0000
vn -0.8744 -0.4852 0.0000
vn 0.0000 0.0000 -1.0000
vn -0.4852 0.8744 0.0000

o 交通组7号推演三维模型_21
g 交通组7号推演三维模型

usemtl 3b92234a-972c-4365-9291-1afdd94c635a
f 247/633/150 248/634/150 249/635/150 250/636/150 
usemtl a3121e47-7567-40b1-9e71-68a89b10728e
f 251/637/151 252/638/151 247/639/151 250/640/151 
usemtl 681213e5-dfe8-48e3-b6b3-618be78c8dd7
f 253/641/152 248/642/152 247/643/152 252/644/152 
usemtl mtl_default
f 254/645/153 249/646/153 248/647/153 253/648/153 
f 250/649/154 249/650/154 254/651/154 251/652/154 
usemtl bdb4ef7b-c643-488a-804a-f5d7d0b87883
f 252/653/155 251/654/155 254/655/155 253/656/155 

#VSize: 16, VTSize: 40, VNSize: 9, FSize: 9
v 18.853165 16.325499 0.215752
v 18.793290 16.250102 0.215752
v 18.804230 16.154445 0.215752
v 18.879580 16.094510 0.215752
v 18.975246 16.105374 0.215752
v 19.035239 16.180676 0.215752
v 19.024453 16.276350 0.215752
v 18.949198 16.336404 0.215752
v 19.024453 16.276350 -0.029177
v 18.949198 16.336404 -0.029177
v 18.975246 16.105374 -0.029177
v 19.035239 16.180676 -0.029177
v 18.804230 16.154445 -0.029177
v 18.879580 16.094510 -0.029177
v 18.853165 16.325499 -0.029177
v 18.793290 16.250102 -0.029177

vt 0.7513 0.0438
vt 1.0000 0.3550
vt 0.9560 0.7510
vt 0.6451 1.0000
vt 0.2492 0.9563
vt 0.0000 0.6455
vt 0.0433 0.2495
vt 0.3539 0.0000
vt 0.0433 1.0000
vt 0.0433 0.0000
vt 0.3539 0.0000
vt 0.3539 1.0000
vt 0.7508 1.0000
vt 0.7508 0.0000
vt 1.0000 0.0000
vt 1.0000 1.0000
vt 0.0440 1.0000
vt 0.0440 0.0000
vt 0.3549 0.0000
vt 0.3549 1.0000
vt 0.7513 1.0000
vt 0.7513 0.0000
vt 1.0000 0.0000
vt 1.0000 1.0000
vt 0.3545 1.0000
vt 0.3545 0.0000
vt 0.7505 0.0000
vt 0.7505 1.0000
vt 0.3549 1.0000
vt 0.3549 0.0000
vt 0.7508 0.0000
vt 0.7508 1.0000
vt 0.3550 1.0000
vt 0.3550 0.0000
vt 0.7510 0.0000
vt 0.7510 1.0000
vt 0.3539 1.0000
vt 0.3539 0.0000
vt 0.7513 0.0000
vt 0.7513 1.0000

vn 0.0000 0.0000 1.0000
vn 0.6237 0.7816 0.0000
vn 0.7821 -0.6231 0.0000
vn -0.6225 -0.7826 0.0000
vn -0.7831 0.6219 0.0000
vn 0.9937 0.1120 0.0000
vn 0.1128 -0.9936 0.0000
vn -0.9935 -0.1136 0.0000
vn -0.1128 0.9936 0.0000

o 交通组7号推演三维模型_22
g 交通组7号推演三维模型

usemtl 58e2627b-8901-457b-8afb-e4e3c1aa69dc
f 255/657/156 256/658/156 257/659/156 258/660/156 259/661/156 260/662/156 261/663/156 262/664/156 
usemtl ab0ec295-96e8-4fbf-9a4d-d77f4e535cb0
f 261/665/157 263/666/157 264/667/157 262/668/157 
f 259/669/158 265/670/158 266/671/158 260/672/158 
f 257/673/159 267/674/159 268/675/159 258/676/159 
f 255/677/160 269/678/160 270/679/160 256/680/160 
f 260/681/161 266/682/161 263/683/161 261/684/161 
f 258/685/162 268/686/162 265/687/162 259/688/162 
f 256/689/163 270/690/163 267/691/163 257/692/163 
f 262/693/164 264/694/164 269/695/164 255/696/164 

#VSize: 8, VTSize: 16, VNSize: 4, FSize: 4
v 24.070607 19.221722 -1.666296
v 26.668587 14.522755 -1.666296
v 25.046751 13.626072 -3.506224
v 22.448772 18.325037 -3.506224
v 23.993971 13.044008 -3.506224
v 21.395994 17.742974 -3.506224
v 23.993971 13.044008 -1.666296
v 21.395995 17.742974 -1.666296

vt 1.0000 1.0000
vt 0.2508 1.0000
vt 0.0000 0.0000
vt 0.7492 0.0000
vt 0.6197 0.0000
vt 1.0000 0.6676
vt 0.7296 0.8126
vt 0.3493 0.1451
vt 0.0000 1.0000
vt 0.6064 0.0000
vt 1.0000 0.0000
vt 1.0000 1.0000
vt 0.0000 1.0000
vt 0.0000 0.0000
vt 1.0000 0.0000
vt 1.0000 1.0000

vn 0.6166 0.3409 -0.7096
vn 0.0000 0.0000 -1.0000
vn -0.4839 0.8751 0.0000
vn -0.8751 -0.4839 0.0000

o 交通组7号推演三维模型_23
g 交通组7号推演三维模型

usemtl 55c2c3e4-f984-4125-b108-a6c4b70ac042
f 271/697/165 272/698/165 273/699/165 274/700/165 
usemtl 3f4beae3-002a-401e-8820-640b497fbb6e
f 274/701/166 273/702/166 275/703/166 276/704/166 
usemtl 98f86c66-68fa-4dd3-a01b-009e688e8cd8
f 271/705/167 274/706/167 276/707/167 278/708/167 
usemtl 2fe7c338-1425-473c-bedc-4d1b5e9b17c1
f 278/709/168 276/710/168 275/711/168 277/712/168 

#VSize: 14, VTSize: 28, VNSize: 7, FSize: 7
v 17.505979 3.431463 -0.117382
v 18.489898 3.985985 -0.117382
v 18.462134 4.035235 -0.117382
v 17.478236 3.480684 -0.117382
v 18.462134 4.035235 -1.379750
v 17.478236 3.480684 -1.379751
v 17.450492 3.529904 -1.379750
v 18.434376 4.084478 -1.379750
v 18.434377 4.084479 -0.117382
v 17.450491 3.529904 -0.117382
v 18.489898 3.985985 -1.379750
v 17.505979 3.431463 -1.379750
v 19.476907 4.521160 -1.379750
v 19.476907 4.521160 -0.117382

vt 0.0000 0.1558
vt 0.9485 1.0000
vt 0.9743 0.9221
vt 0.0257 0.0779
vt 0.0000 0.0000
vt 0.0000 0.0000
vt 0.0000 0.0000
vt 0.0000 0.0000
vt 1.0000 0.8441
vt 0.0515 0.0000
vt 0.0257 0.0779
vt 0.9743 0.9221
vt 0.0000 0.0000
vt 0.0000 0.0000
vt 0.0000 0.0000
vt 0.0000 0.0000
vt 0.0000 0.0000
vt 0.0000 0.0000
vt 0.0000 0.0000
vt 0.0000 0.0000
vt 0.0000 0.0000
vt 0.0000 0.0000
vt 0.0000 0.0000
vt 0.0000 0.0000
vt 0.0000 1.0000
vt 0.0000 0.0000
vt 1.0000 0.0000
vt 1.0000 1.0000

vn 0.0000 0.0000 1.0000
vn -0.0000 0.0000 -1.0000
vn 0.0000 0.0000 1.0000
vn 0.8711 0.4911 0.0000
vn 0.8711 0.4910 -0.0000
vn 0.0000 -0.0000 -1.0000
vn 0.4839 -0.8751 0.0000

o 交通组7号推演三维模型_24
g 交通组7号推演三维模型

usemtl 28a37069-5882-4410-8c7a-4ee09302eaf7
f 279/713/169 280/714/169 281/715/169 282/716/169 
usemtl mtl_default
f 283/717/170 284/718/170 285/719/170 286/720/170 
usemtl 28a37069-5882-4410-8c7a-4ee09302eaf7
f 287/721/171 288/722/171 282/723/171 281/724/171 
usemtl mtl_default
f 281/725/172 280/726/172 289/727/172 283/728/172 
f 287/729/173 281/730/173 283/731/173 286/732/173 
f 289/733/174 290/734/174 284/735/174 283/736/174 
usemtl 9c70cb9f-9d5e-47de-9204-de27a8067499
f 279/737/175 290/738/175 291/739/175 292/740/175 

#VSize: 12, VTSize: 36, VNSize: 9, FSize: 9
v 21.859468 5.952656 -0.117382
v 21.886734 5.903153 -0.117382
v 23.865244 6.993039 -0.117382
v 23.837982 7.042528 -0.117382
v 21.913995 5.853664 -1.379750
v 21.913995 5.853664 -0.117382
v 21.886734 5.903153 -1.379751
v 23.865244 6.993039 -1.379751
v 23.892505 6.943549 -1.379750
v 23.892505 6.943549 -0.117382
v 21.859469 5.952656 -1.379750
v 23.837982 7.042528 -1.379750

vt 0.9732 1.0000
vt 0.9866 0.9584
vt 0.0134 0.0416
vt 0.0000 0.0833
vt 0.0000 0.0000
vt 0.0000 0.0000
vt 0.0000 0.0000
vt 0.0000 0.0000
vt 0.0000 0.0000
vt 0.0000 0.0000
vt 0.0000 0.0000
vt 0.0000 0.0000
vt 0.0134 0.0416
vt 0.9866 0.9584
vt 1.0000 0.9167
vt 0.0268 0.0000
vt 0.0000 0.0000
vt 0.0000 0.0000
vt 0.0000 0.0000
vt 0.0000 0.0000
vt 0.0000 0.0000
vt 0.0000 1.0000
vt 1.0000 1.0000
vt 1.0000 0.0000
vt 0.0000 0.0000
vt 0.0000 0.0000
vt 0.0000 0.0000
vt 0.0000 0.0000
vt 0.0000 1.0000
vt 1.0000 1.0000
vt 1.0000 0.0000
vt 0.0000 0.0000
vt 0.0000 0.0000
vt 0.0000 0.0000
vt 0.0000 0.0000
vt 0.0000 0.0000

vn 0.0000 0.0000 1.0000
vn -0.8759 -0.4825 0.0000
vn 0.0000 -0.0000 -1.0000
vn 0.0000 0.0000 1.0000
vn -0.8759 -0.4824 -0.0000
vn -0.4825 0.8759 -0.0000
vn -0.0000 0.0000 -1.0000
vn 0.4825 -0.8759 0.0000
vn -0.4825 0.8759 0.0000

o 交通组7号推演三维模型_25
g 交通组7号推演三维模型

usemtl e750f405-f351-4551-bdc4-a39dd8b18577
f 293/741/176 294/742/176 295/743/176 296/744/176 
usemtl mtl_default
f 297/745/177 298/746/177 294/747/177 299/748/177 
f 297/749/178 299/750/178 300/751/178 301/752/178 
usemtl e750f405-f351-4551-bdc4-a39dd8b18577
f 295/753/179 294/754/179 298/755/179 302/756/179 
usemtl mtl_default
f 299/757/180 294/758/180 293/759/180 303/760/180 
usemtl eafef049-3de1-4808-8202-9fea347a6534
f 303/761/181 293/762/181 296/763/181 304/764/181 
usemtl mtl_default
f 304/765/182 300/766/182 299/767/182 303/768/182 
usemtl 692db0c8-424e-4626-b3d0-3367f68149c5
f 302/769/183 298/770/183 297/771/183 301/772/183 
usemtl mtl_default
f 295/773/184 300/774/184 299/775/184 294/776/184 

#VSize: 16, VTSize: 40, VNSize: 9, FSize: 9
v 21.417903 17.605449 -0.029177
v 21.365798 17.646861 -0.029177
v 21.299670 17.639327 -0.029177
v 21.258216 17.587257 -0.029177
v 21.265696 17.521121 -0.029177
v 21.317734 17.479626 -0.029177
v 21.383876 17.487055 -0.029177
v 21.425412 17.539060 -0.029177
v 21.258216 17.587257 -0.117382
v 21.265696 17.521121 -0.117382
v 21.365798 17.646861 -0.117382
v 21.299670 17.639327 -0.117382
v 21.425412 17.539060 -0.117382
v 21.417903 17.605449 -0.117382
v 21.383876 17.487055 -0.117382
v 21.317734 17.479626 -0.117382

vt 0.0000 0.0000
vt 0.0000 0.0000
vt 0.0000 0.0000
vt 0.0000 0.0000
vt 0.0000 0.0000
vt 0.0000 0.0000
vt 0.0000 0.0000
vt 0.0000 0.0000
vt 0.3559 1.0000
vt 0.3559 0.0000
vt 0.0447 0.0000
vt 0.0447 1.0000
vt 1.0000 1.0000
vt 1.0000 0.0000
vt 0.7515 0.0000
vt 0.7515 1.0000
vt 0.3565 1.0000
vt 0.3565 0.0000
vt 0.0440 0.0000
vt 0.0440 1.0000
vt 0.7520 1.0000
vt 0.7520 0.0000
vt 0.3565 0.0000
vt 0.3565 1.0000
vt 0.7518 1.0000
vt 0.7518 0.0000
vt 0.3563 0.0000
vt 0.3563 1.0000
vt 0.7515 1.0000
vt 0.7515 0.0000
vt 0.3559 0.0000
vt 0.3559 1.0000
vt 0.7509 1.0000
vt 0.7509 0.0000
vt 0.3553 0.0000
vt 0.3553 1.0000
vt 1.0000 1.0000
vt 1.0000 0.0000
vt 0.7520 0.0000
vt 0.7520 1.0000

vn 0.0000 0.0000 1.0000
vn -0.9937 -0.1124 0.0000
vn -0.1132 0.9936 0.0000
vn 0.9937 0.1124 0.0000
vn 0.7814 -0.6241 0.0000
vn -0.6235 -0.7819 0.0000
vn -0.7823 0.6228 0.0000
vn 0.6222 0.7829 0.0000
vn 0.1116 -0.9938 0.0000

o 交通组7号推演三维模型_26
g 交通组7号推演三维模型

usemtl mtl_default
f 305/777/185 306/778/185 307/779/185 308/780/185 309/781/185 310/782/185 311/783/185 312/784/185 
usemtl a2ba5d5f-a1b7-4f2b-bda4-4826e594708c
f 308/785/186 313/786/186 314/787/186 309/788/186 
f 306/789/187 315/790/187 316/791/187 307/792/187 
f 312/793/188 317/794/188 318/795/188 305/796/188 
f 311/797/189 319/798/189 317/799/189 312/800/189 
f 309/801/190 314/802/190 320/803/190 310/804/190 
f 307/805/191 316/806/191 313/807/191 308/808/191 
f 305/809/192 318/810/192 315/811/192 306/812/192 
f 310/813/193 320/814/193 319/815/193 311/816/193 

#VSize: 16, VTSize: 40, VNSize: 9, FSize: 9
v 5.772061 8.954289 -0.029177
v 5.720097 8.995876 -0.029177
v 5.653943 8.988565 -0.029177
v 5.612314 8.936633 -0.029177
v 5.619573 8.870473 -0.029177
v 5.671472 8.828804 -0.029177
v 5.737637 8.836010 -0.029177
v 5.779348 8.887875 -0.029177
v 5.612314 8.936633 -0.117382
v 5.619573 8.870473 -0.117382
v 5.720097 8.995876 -0.117382
v 5.653943 8.988565 -0.117382
v 5.779348 8.887875 -0.117382
v 5.772061 8.954289 -0.117382
v 5.737637 8.836010 -0.117382
v 5.671472 8.828804 -0.117382

vt 0.0000 0.0000
vt 0.0000 0.0000
vt 0.0000 0.0000
vt 0.0000 0.0000
vt 0.0000 0.0000
vt 0.0000 0.0000
vt 0.0000 0.0000
vt 0.0000 0.0000
vt 0.3546 1.0000
vt 0.3546 0.0000
vt 0.7506 0.0000
vt 0.7506 1.0000
vt 0.3547 1.0000
vt 0.3547 0.0000
vt 0.7508 0.0000
vt 0.7508 1.0000
vt 0.3536 1.0000
vt 0.3536 0.0000
vt 0.7511 0.0000
vt 0.7511 1.0000
vt 0.7503 1.0000
vt 0.7503 0.0000
vt 1.0000 0.0000
vt 1.0000 1.0000
vt 0.0435 1.0000
vt 0.0435 0.0000
vt 0.3542 0.0000
vt 0.3542 1.0000
vt 0.7508 1.0000
vt 0.7508 0.0000
vt 1.0000 0.0000
vt 1.0000 1.0000
vt 0.0436 1.0000
vt 0.0436 0.0000
vt 0.3547 0.0000
vt 0.3547 1.0000
vt 0.3542 1.0000
vt 0.3542 0.0000
vt 0.7503 0.0000
vt 0.7503 1.0000

vn 0.0000 0.0000 1.0000
vn -0.9940 -0.1091 0.0000
vn -0.1098 0.9939 0.0000
vn 0.9940 0.1091 0.0000
vn 0.7793 -0.6267 0.0000
vn -0.6261 -0.7798 0.0000
vn -0.7803 0.6255 0.0000
vn 0.6248 0.7808 0.0000
vn 0.1083 -0.9941 0.0000

o 交通组7号推演三维模型_27
g 交通组7号推演三维模型

usemtl mtl_default
f 321/817/194 322/818/194 323/819/194 324/820/194 325/821/194 326/822/194 327/823/194 328/824/194 
usemtl 51d7f373-de3f-4157-8e4b-7e535d3a59a8
f 324/825/195 329/826/195 330/827/195 325/828/195 
f 322/829/196 331/830/196 332/831/196 323/832/196 
f 328/833/197 333/834/197 334/835/197 321/836/197 
f 327/837/198 335/838/198 333/839/198 328/840/198 
f 325/841/199 330/842/199 336/843/199 326/844/199 
f 323/845/200 332/846/200 329/847/200 324/848/200 
f 321/849/201 334/850/201 331/851/201 322/852/201 
f 326/853/202 336/854/202 335/855/202 327/856/202 

#VSize: 10, VTSize: 26, VNSize: 6, FSize: 6
v 20.036009 16.991066 -2.654376
v 20.036009 16.991066 -3.506224
v 22.633986 12.292097 -3.506225
v 22.633986 12.292096 -2.654376
v 23.993973 13.044010 -3.506224
v 23.993973 13.044009 -2.654376
v 22.512994 15.722652 -2.654375
v 21.396000 17.742977 -2.654375
v 21.396001 17.742978 -3.506223
v 22.512994 15.722652 -3.506223

vt 0.6853 1.0000
vt 0.6853 0.0000
vt 0.3427 0.0000
vt 0.3427 1.0000
vt 0.6573 1.0000
vt 0.6573 0.0000
vt 0.3427 0.0000
vt 0.3427 1.0000
vt 0.3147 1.0000
vt 0.6573 0.5615
vt 0.3427 0.4385
vt 0.0000 0.8769
vt 0.0000 0.8769
vt 0.0000 0.0000
vt 1.0000 0.0000
vt 1.0000 1.0000
vt 0.0000 1.0000
vt 0.3803 1.0000
vt 0.0000 0.3324
vt 0.3493 0.1451
vt 0.3493 0.1451
vt 0.7296 0.8126
vt 0.0000 0.0000
vt 0.0000 0.0000
vt 0.0000 0.0000
vt 0.0000 0.0000

vn -0.8751 -0.4839 -0.0000
vn 0.4839 -0.8751 -0.0000
vn -0.0000 -0.0000 1.0000
vn -0.4839 0.8751 0.0000
vn 0.0000 0.0000 -1.0000
vn 0.8752 0.4839 0.0000

o 交通组7号推演三维模型_28
g 交通组7号推演三维模型

usemtl 56adfe4c-f631-4f23-afad-1acd9ea81441
f 337/857/203 338/858/203 339/859/203 340/860/203 
f 340/861/204 339/862/204 341/863/204 342/864/204 
f 337/865/205 340/866/205 342/867/205 343/868/205 344/869/205 
f 345/870/206 338/871/206 337/872/206 344/873/206 
f 339/874/207 338/875/207 345/876/207 346/877/207 341/878/207 
usemtl mtl_default
f 344/879/208 343/880/208 346/881/208 345/882/208 

#VSize: 12, VTSize: 36, VNSize: 9, FSize: 9
v 18.999889 16.327887 -0.117382
v 19.027314 16.278472 -0.117382
v 21.002288 17.374750 -0.117382
v 20.974867 17.424151 -0.117382
v 19.054735 16.229072 -1.379750
v 19.054735 16.229072 -0.117382
v 19.027314 16.278472 -1.379751
v 21.002288 17.374750 -1.379751
v 21.029710 17.325350 -1.379750
v 21.029710 17.325350 -0.117382
v 18.999889 16.327886 -1.379750
v 20.974867 17.424151 -1.379750

vt 0.9732 1.0000
vt 0.9866 0.9584
vt 0.0134 0.0416
vt 0.0000 0.0833
vt 0.0000 0.0000
vt 0.0000 0.0000
vt 0.0000 0.0000
vt 0.0000 0.0000
vt 0.0000 0.0000
vt 0.0000 0.0000
vt 0.0000 0.0000
vt 0.0000 0.0000
vt 0.0134 0.0416
vt 0.9866 0.9584
vt 1.0000 0.9167
vt 0.0268 0.0000
vt 0.0000 0.0000
vt 0.0000 0.0000
vt 0.0000 0.0000
vt 0.0000 0.0000
vt 0.0000 0.0000
vt 0.0000 1.0000
vt 1.0000 1.0000
vt 1.0000 0.0000
vt 0.0000 0.0000
vt 0.0000 0.0000
vt 0.0000 0.0000
vt 0.0000 0.0000
vt 0.0000 1.0000
vt 1.0000 1.0000
vt 1.0000 0.0000
vt 0.0000 0.0000
vt 0.0000 0.0000
vt 0.0000 0.0000
vt 0.0000 0.0000
vt 0.0000 0.0000

vn 0.0000 0.0000 1.0000
vn -0.8743 -0.4853 0.0000
vn 0.0000 -0.0000 -1.0000
vn 0.0000 0.0000 1.0000
vn -0.8744 -0.4853 0.0000
vn -0.4853 0.8743 -0.0000
vn -0.0000 0.0000 -1.0000
vn 0.4853 -0.8743 0.0000
vn -0.4853 0.8743 0.0000

o 交通组7号推演三维模型_29
g 交通组7号推演三维模型

usemtl e750f405-f351-4551-bdc4-a39dd8b18577
f 347/883/209 348/884/209 349/885/209 350/886/209 
usemtl mtl_default
f 351/887/210 352/888/210 348/889/210 353/890/210 
f 351/891/211 353/892/211 354/893/211 355/894/211 
usemtl e750f405-f351-4551-bdc4-a39dd8b18577
f 349/895/212 348/896/212 352/897/212 356/898/212 
usemtl mtl_default
f 353/899/213 348/900/213 347/901/213 357/902/213 
usemtl eafef049-3de1-4808-8202-9fea347a6534
f 357/903/214 347/904/214 350/905/214 358/906/214 
usemtl mtl_default
f 358/907/215 354/908/215 353/909/215 357/910/215 
usemtl 692db0c8-424e-4626-b3d0-3367f68149c5
f 356/911/216 352/912/216 351/913/216 355/914/216 
usemtl mtl_default
f 349/915/217 354/916/217 353/917/217 348/918/217 

#VSize: 16, VTSize: 40, VNSize: 9, FSize: 9
v 12.380731 12.431234 0.215752
v 12.441043 12.506757 0.215752
v 12.430214 12.602426 0.215752
v 12.354933 12.662447 0.215752
v 12.259255 12.651694 0.215752
v 12.199174 12.576461 0.215752
v 12.209851 12.480775 0.215752
v 12.285036 12.420634 0.215752
v 12.441043 12.506757 -0.029177
v 12.430214 12.602426 -0.029177
v 12.354933 12.662447 -0.029177
v 12.259255 12.651694 -0.029177
v 12.199174 12.576461 -0.029177
v 12.209851 12.480775 -0.029177
v 12.285036 12.420634 -0.029177
v 12.380731 12.431234 -0.029177

vt 0.7506 0.0438
vt 1.0000 0.3562
vt 0.9552 0.7518
vt 0.6440 1.0000
vt 0.2484 0.9555
vt 0.0000 0.6444
vt 0.0441 0.2487
vt 0.3550 0.0000
vt 0.7518 1.0000
vt 0.3562 1.0000
vt 0.3562 0.0000
vt 0.7518 0.0000
vt 0.7516 1.0000
vt 0.3560 1.0000
vt 0.3560 0.0000
vt 0.7516 0.0000
vt 0.7513 1.0000
vt 0.3556 1.0000
vt 0.3556 0.0000
vt 0.7513 0.0000
vt 0.7506 1.0000
vt 0.3550 1.0000
vt 0.3550 0.0000
vt 0.7506 0.0000
vt 0.3560 1.0000
vt 0.0448 1.0000
vt 0.0448 0.0000
vt 0.3560 0.0000
vt 1.0000 1.0000
vt 0.7516 1.0000
vt 0.7516 0.0000
vt 1.0000 0.0000
vt 0.3550 1.0000
vt 0.0441 1.0000
vt 0.0441 0.0000
vt 0.3550 0.0000
vt 1.0000 1.0000
vt 0.7506 1.0000
vt 0.7506 0.0000
vt 1.0000 0.0000

vn 0.0000 0.0000 1.0000
vn 0.9937 0.1125 0.0000
vn -0.1117 0.9937 0.0000
vn -0.9938 -0.1109 0.0000
vn 0.1101 -0.9939 0.0000
vn 0.6234 0.7819 0.0000
vn -0.7814 0.6240 0.0000
vn -0.6247 -0.7809 0.0000
vn 0.7814 -0.6240 0.0000

o 交通组7号推演三维模型_30
g 交通组7号推演三维模型

usemtl 8005183f-361e-4e86-a4cd-350a2ebcd200
f 359/919/218 360/920/218 361/921/218 362/922/218 363/923/218 364/924/218 365/925/218 366/926/218 
usemtl 39e699ff-13a5-4639-83c0-a164c7e2550d
f 361/927/219 360/928/219 367/929/219 368/930/219 
f 363/931/220 362/932/220 369/933/220 370/934/220 
f 365/935/221 364/936/221 371/937/221 372/938/221 
f 359/939/222 366/940/222 373/941/222 374/942/222 
f 362/943/223 361/944/223 368/945/223 369/946/223 
f 364/947/224 363/948/224 370/949/224 371/950/224 
f 366/951/225 365/952/225 372/953/225 373/954/225 
f 360/955/226 359/956/226 374/957/226 367/958/226 

#VSize: 16, VTSize: 40, VNSize: 9, FSize: 9
v 13.041881 1.008887 -0.029177
v 12.989782 1.050306 -0.029177
v 12.923652 1.042780 -0.029177
v 12.882192 0.990714 -0.029177
v 12.889665 0.924578 -0.029177
v 12.941698 0.883077 -0.029177
v 13.007839 0.890497 -0.029177
v 13.049382 0.942497 -0.029177
v 12.882192 0.990714 -0.117382
v 12.889665 0.924578 -0.117382
v 12.989782 1.050306 -0.117382
v 12.923652 1.042780 -0.117382
v 13.049382 0.942497 -0.117382
v 13.041881 1.008887 -0.117382
v 13.007839 0.890497 -0.117382
v 12.941698 0.883077 -0.117382

vt 0.0000 0.0000
vt 0.0000 0.0000
vt 0.0000 0.0000
vt 0.0000 0.0000
vt 0.0000 0.0000
vt 0.0000 0.0000
vt 0.0000 0.0000
vt 0.0000 0.0000
vt 0.3546 1.0000
vt 0.3546 0.0000
vt 0.7506 0.0000
vt 0.7506 1.0000
vt 0.3547 1.0000
vt 0.3547 0.0000
vt 0.7508 0.0000
vt 0.7508 1.0000
vt 0.3536 1.0000
vt 0.3536 0.0000
vt 0.7511 0.0000
vt 0.7511 1.0000
vt 0.7503 1.0000
vt 0.7503 0.0000
vt 1.0000 0.0000
vt 1.0000 1.0000
vt 0.0435 1.0000
vt 0.0435 0.0000
vt 0.3542 0.0000
vt 0.3542 1.0000
vt 0.7508 1.0000
vt 0.7508 0.0000
vt 1.0000 0.0000
vt 1.0000 1.0000
vt 0.0436 1.0000
vt 0.0436 0.0000
vt 0.3547 0.0000
vt 0.3547 1.0000
vt 0.3542 1.0000
vt 0.3542 0.0000
vt 0.7503 0.0000
vt 0.7503 1.0000

vn 0.0000 0.0000 1.0000
vn -0.9937 -0.1123 0.0000
vn -0.1131 0.9936 0.0000
vn 0.9937 0.1123 0.0000
vn 0.7813 -0.6242 0.0000
vn -0.6235 -0.7818 0.0000
vn -0.7823 0.6229 0.0000
vn 0.6223 0.7828 0.0000
vn 0.1115 -0.9938 0.0000

o 交通组7号推演三维模型_31
g 交通组7号推演三维模型

usemtl mtl_default
f 375/959/227 376/960/227 377/961/227 378/962/227 379/963/227 380/964/227 381/965/227 382/966/227 
usemtl 51d7f373-de3f-4157-8e4b-7e535d3a59a8
f 378/967/228 383/968/228 384/969/228 379/970/228 
f 376/971/229 385/972/229 386/973/229 377/974/229 
f 382/975/230 387/976/230 388/977/230 375/978/230 
f 381/979/231 389/980/231 387/981/231 382/982/231 
f 379/983/232 384/984/232 390/985/232 380/986/232 
f 377/987/233 386/988/233 383/989/233 378/990/233 
f 375/991/234 388/992/234 385/993/234 376/994/234 
f 380/995/235 390/996/235 389/997/235 381/998/235 

#VSize: 16, VTSize: 40, VNSize: 9, FSize: 9
v 14.580530 13.647466 0.215752
v 14.640394 13.722872 0.215752
v 14.629443 13.818527 0.215752
v 14.554084 13.878452 0.215752
v 14.458421 13.867577 0.215752
v 14.398435 13.792267 0.215752
v 14.409235 13.696594 0.215752
v 14.484497 13.636549 0.215752
v 14.409235 13.696594 -0.029177
v 14.484497 13.636549 -0.029177
v 14.458421 13.867577 -0.029177
v 14.398435 13.792267 -0.029177
v 14.629443 13.818527 -0.029177
v 14.554084 13.878452 -0.029177
v 14.580530 13.647466 -0.029177
v 14.640394 13.722872 -0.029177

vt 0.7506 0.0438
vt 0.3550 0.0000
vt 0.0441 0.2487
vt 0.0000 0.6444
vt 0.2484 0.9555
vt 0.6440 1.0000
vt 0.9552 0.7518
vt 1.0000 0.3562
vt 0.7518 1.0000
vt 0.7518 0.0000
vt 0.3562 0.0000
vt 0.3562 1.0000
vt 0.7516 1.0000
vt 0.7516 0.0000
vt 0.3560 0.0000
vt 0.3560 1.0000
vt 0.7513 1.0000
vt 0.7513 0.0000
vt 0.3556 0.0000
vt 0.3556 1.0000
vt 0.7506 1.0000
vt 0.7506 0.0000
vt 0.3550 0.0000
vt 0.3550 1.0000
vt 0.3560 1.0000
vt 0.3560 0.0000
vt 0.0448 0.0000
vt 0.0448 1.0000
vt 1.0000 1.0000
vt 1.0000 0.0000
vt 0.7516 0.0000
vt 0.7516 1.0000
vt 0.3550 1.0000
vt 0.3550 0.0000
vt 0.0441 0.0000
vt 0.0441 1.0000
vt 1.0000 1.0000
vt 1.0000 0.0000
vt 0.7506 0.0000
vt 0.7506 1.0000

vn 0.0000 0.0000 1.0000
vn -0.6237 -0.7817 0.0000
vn -0.7822 0.6230 0.0000
vn 0.6224 0.7827 0.0000
vn 0.7832 -0.6218 0.0000
vn -0.9937 -0.1122 0.0000
vn -0.1130 0.9936 0.0000
vn 0.9935 0.1137 0.0000
vn 0.1130 -0.9936 0.0000

o 交通组7号推演三维模型_32
g 交通组7号推演三维模型

usemtl 8005183f-361e-4e86-a4cd-350a2ebcd200
f 391/999/236 392/1000/236 393/1001/236 394/1002/236 395/1003/236 396/1004/236 397/1005/236 398/1006/236 
usemtl 39e699ff-13a5-4639-83c0-a164c7e2550d
f 397/1007/237 399/1008/237 400/1009/237 398/1010/237 
f 395/1011/238 401/1012/238 402/1013/238 396/1014/238 
f 393/1015/239 403/1016/239 404/1017/239 394/1018/239 
f 391/1019/240 405/1020/240 406/1021/240 392/1022/240 
f 396/1023/241 402/1024/241 399/1025/241 397/1026/241 
f 394/1027/242 404/1028/242 401/1029/242 395/1030/242 
f 392/1031/243 406/1032/243 403/1033/243 393/1034/243 
f 398/1035/244 400/1036/244 405/1037/244 391/1038/244 

#VSize: 16, VTSize: 40, VNSize: 9, FSize: 9
v 26.107936 8.227910 -0.029177
v 26.159899 8.186324 -0.029177
v 26.226054 8.193635 -0.029177
v 26.267682 8.245567 -0.029177
v 26.260422 8.311726 -0.029177
v 26.208525 8.353396 -0.029177
v 26.142359 8.346190 -0.029177
v 26.100648 8.294324 -0.029177
v 26.267682 8.245567 -0.117382
v 26.260422 8.311726 -0.117382
v 26.159899 8.186324 -0.117382
v 26.226054 8.193635 -0.117382
v 26.100648 8.294324 -0.117382
v 26.107936 8.227910 -0.117382
v 26.142359 8.346190 -0.117382
v 26.208525 8.353396 -0.117382

vt 0.0000 0.0000
vt 0.0000 0.0000
vt 0.0000 0.0000
vt 0.0000 0.0000
vt 0.0000 0.0000
vt 0.0000 0.0000
vt 0.0000 0.0000
vt 0.0000 0.0000
vt 0.3546 1.0000
vt 0.3546 0.0000
vt 0.7506 0.0000
vt 0.7506 1.0000
vt 0.3547 1.0000
vt 0.3547 0.0000
vt 0.7508 0.0000
vt 0.7508 1.0000
vt 0.3536 1.0000
vt 0.3536 0.0000
vt 0.7511 0.0000
vt 0.7511 1.0000
vt 0.7503 1.0000
vt 0.7503 0.0000
vt 1.0000 0.0000
vt 1.0000 1.0000
vt 0.0435 1.0000
vt 0.0435 0.0000
vt 0.3542 0.0000
vt 0.3542 1.0000
vt 0.7508 1.0000
vt 0.7508 0.0000
vt 1.0000 0.0000
vt 1.0000 1.0000
vt 0.0436 1.0000
vt 0.0436 0.0000
vt 0.3547 0.0000
vt 0.3547 1.0000
vt 0.3542 1.0000
vt 0.3542 0.0000
vt 0.7503 0.0000
vt 0.7503 1.0000

vn 0.0000 0.0000 1.0000
vn 0.9940 0.1091 0.0000
vn 0.1098 -0.9939 0.0000
vn -0.9940 -0.1091 0.0000
vn -0.7793 0.6267 0.0000
vn 0.6261 0.7798 0.0000
vn 0.7803 -0.6254 0.0000
vn -0.6248 -0.7808 0.0000
vn -0.1083 0.9941 0.0000

o 交通组7号推演三维模型_33
g 交通组7号推演三维模型

usemtl mtl_default
f 407/1039/245 408/1040/245 409/1041/245 410/1042/245 411/1043/245 412/1044/245 413/1045/245 414/1046/245 
usemtl 51d7f373-de3f-4157-8e4b-7e535d3a59a8
f 410/1047/246 415/1048/246 416/1049/246 411/1050/246 
f 408/1051/247 417/1052/247 418/1053/247 409/1054/247 
f 414/1055/248 419/1056/248 420/1057/248 407/1058/248 
f 413/1059/249 421/1060/249 419/1061/249 414/1062/249 
f 411/1063/250 416/1064/250 422/1065/250 412/1066/250 
f 409/1067/251 418/1068/251 415/1069/251 410/1070/251 
f 407/1071/252 420/1072/252 417/1073/252 408/1074/252 
f 412/1075/253 422/1076/253 421/1077/253 413/1078/253 

#VSize: 8, VTSize: 16, VNSize: 4, FSize: 4
v 14.458973 11.269774 -1.666296
v 14.984798 10.318715 -2.654376
v 13.867854 12.339041 -2.654376
v 13.342027 13.290100 -1.666296
v 6.405037 6.816825 -1.666296
v 6.930862 5.865766 -2.654376
v 5.813858 7.886089 -2.654376
v 5.288032 8.837148 -1.666296

vt 0.0000 0.0000
vt 0.0000 0.0000
vt 0.0000 0.0000
vt 0.0000 0.0000
vt 0.0000 0.0000
vt 0.0000 0.0000
vt 0.0000 0.0000
vt 0.0000 0.0000
vt 0.4537 0.3749
vt 0.9075 0.0000
vt 0.9704 0.1701
vt 0.5167 0.5450
vt 0.5167 0.5450
vt 0.9704 0.1701
vt 1.0000 0.2502
vt 0.5463 0.6251

vn 0.8752 0.4838 0.0000
vn 0.3255 -0.5887 0.7399
vn 0.0000 0.0000 -1.0000
vn -0.3255 0.5887 -0.7399

o 交通组7号推演三维模型_34
g 交通组7号推演三维模型

usemtl mtl_default
f 423/1079/254 424/1080/254 425/1081/254 426/1082/254 
f 423/1083/255 427/1084/255 428/1085/255 424/1086/255 
usemtl 0566c7fd-90ef-4f69-bad0-d3b95f408f4a
f 424/1087/256 428/1088/256 429/1089/256 425/1090/256 
f 425/1091/257 429/1092/257 430/1093/257 426/1094/257 

#VSize: 8, VTSize: 24, VNSize: 6, FSize: 6
v 15.331406 2.135707 -0.117382
v 15.105028 2.010086 -0.117382
v 15.105028 2.010086 -1.379751
v 15.331406 2.135707 -1.379751
v 15.209338 2.355682 -1.379751
v 15.209338 2.355682 -0.117382
v 14.982960 2.230061 -0.117382
v 14.982960 2.230061 -1.379751

vt 1.0000 1.0000
vt 0.0000 1.0000
vt 0.0000 0.0000
vt 1.0000 0.0000
vt 1.0000 0.0000
vt 1.0000 1.0000
vt 0.0000 1.0000
vt 0.0000 0.0000
vt 0.0000 0.6383
vt 0.3486 0.0000
vt 1.0000 0.3617
vt 0.6514 1.0000
vt 0.0000 0.0000
vt 0.0000 0.0000
vt 0.0000 0.0000
vt 0.0000 0.0000
vt 0.0000 0.0000
vt 0.0000 0.0000
vt 0.0000 0.0000
vt 0.0000 0.0000
vt 0.0000 1.0000
vt 0.0000 0.0000
vt 1.0000 0.0000
vt 1.0000 1.0000

vn 0.4852 -0.8744 0.0000
vn 0.8744 0.4852 0.0000
vn 0.0000 0.0000 1.0000
vn -0.8744 -0.4852 0.0000
vn 0.0000 0.0000 -1.0000
vn -0.4852 0.8744 0.0000

o 交通组7号推演三维模型_35
g 交通组7号推演三维模型

usemtl 3b92234a-972c-4365-9291-1afdd94c635a
f 431/1095/258 432/1096/258 433/1097/258 434/1098/258 
usemtl a3121e47-7567-40b1-9e71-68a89b10728e
f 435/1099/259 436/1100/259 431/1101/259 434/1102/259 
usemtl 681213e5-dfe8-48e3-b6b3-618be78c8dd7
f 437/1103/260 432/1104/260 431/1105/260 436/1106/260 
usemtl mtl_default
f 438/1107/261 433/1108/261 432/1109/261 437/1110/261 
f 434/1111/262 433/1112/262 438/1113/262 435/1114/262 
usemtl bdb4ef7b-c643-488a-804a-f5d7d0b87883
f 436/1115/263 435/1116/263 438/1117/263 437/1118/263 

#VSize: 8, VTSize: 16, VNSize: 4, FSize: 4
v 17.420969 5.912455 -1.666296
v 16.895175 6.863461 -2.654376
v 15.939995 8.591092 -2.654376
v 15.939995 8.591092 -1.666296
v 7.886017 4.138175 -2.654376
v 7.886017 4.138175 -1.666296
v 9.366995 1.459535 -1.666296
v 8.841199 2.410541 -2.654376

vt 0.0000 0.0000
vt 0.0000 0.0000
vt 0.0000 0.0000
vt 0.0000 0.0000
vt 0.0000 0.0000
vt 0.0000 0.0000
vt 0.0000 0.0000
vt 0.0000 0.0000
vt 1.0000 1.0000
vt 0.0613 1.0000
vt 0.0000 0.0000
vt 0.9387 0.0000
vt 0.0000 0.7205
vt 0.8940 0.0000
vt 1.0000 0.2795
vt 0.1060 1.0000

vn 0.8751 0.4839 0.0000
vn -0.4839 0.8751 0.0000
vn 0.3255 -0.5887 -0.7399
vn 0.0000 0.0000 -1.0000

o 交通组7号推演三维模型_36
g 交通组7号推演三维模型

usemtl mtl_default
f 439/1119/264 440/1120/264 441/1121/264 442/1122/264 
f 442/1123/265 441/1124/265 443/1125/265 444/1126/265 
usemtl 4cffcc26-5dcd-4822-9bf6-d353373304cc
f 439/1127/266 445/1128/266 446/1129/266 440/1130/266 
usemtl 1666b5a9-09a5-44af-855c-ecb97c00b917
f 440/1131/267 446/1132/267 443/1133/267 441/1134/267 

#VSize: 16, VTSize: 40, VNSize: 9, FSize: 9
v 15.233257 2.225099 -0.029177
v 15.181159 2.266517 -0.029177
v 15.115029 2.258992 -0.029177
v 15.073569 2.206926 -0.029177
v 15.081041 2.140790 -0.029177
v 15.133074 2.099289 -0.029177
v 15.199216 2.106709 -0.029177
v 15.240759 2.158709 -0.029177
v 15.073569 2.206926 -0.117382
v 15.081041 2.140790 -0.117382
v 15.181159 2.266517 -0.117382
v 15.115029 2.258992 -0.117382
v 15.240759 2.158709 -0.117382
v 15.233257 2.225099 -0.117382
v 15.199216 2.106709 -0.117382
v 15.133074 2.099289 -0.117382

vt 0.0000 0.0000
vt 0.0000 0.0000
vt 0.0000 0.0000
vt 0.0000 0.0000
vt 0.0000 0.0000
vt 0.0000 0.0000
vt 0.0000 0.0000
vt 0.0000 0.0000
vt 0.3546 1.0000
vt 0.3546 0.0000
vt 0.7506 0.0000
vt 0.7506 1.0000
vt 0.3547 1.0000
vt 0.3547 0.0000
vt 0.7508 0.0000
vt 0.7508 1.0000
vt 0.3536 1.0000
vt 0.3536 0.0000
vt 0.7511 0.0000
vt 0.7511 1.0000
vt 0.7503 1.0000
vt 0.7503 0.0000
vt 1.0000 0.0000
vt 1.0000 1.0000
vt 0.0435 1.0000
vt 0.0435 0.0000
vt 0.3542 0.0000
vt 0.3542 1.0000
vt 0.7508 1.0000
vt 0.7508 0.0000
vt 1.0000 0.0000
vt 1.0000 1.0000
vt 0.0436 1.0000
vt 0.0436 0.0000
vt 0.3547 0.0000
vt 0.3547 1.0000
vt 0.3542 1.0000
vt 0.3542 0.0000
vt 0.7503 0.0000
vt 0.7503 1.0000

vn 0.0000 0.0000 1.0000
vn -0.9937 -0.1123 0.0000
vn -0.1131 0.9936 0.0000
vn 0.9937 0.1123 0.0000
vn 0.7813 -0.6242 0.0000
vn -0.6235 -0.7818 0.0000
vn -0.7823 0.6229 0.0000
vn 0.6223 0.7828 0.0000
vn 0.1115 -0.9938 0.0000

o 交通组7号推演三维模型_37
g 交通组7号推演三维模型

usemtl mtl_default
f 447/1135/268 448/1136/268 449/1137/268 450/1138/268 451/1139/268 452/1140/268 453/1141/268 454/1142/268 
usemtl 51d7f373-de3f-4157-8e4b-7e535d3a59a8
f 450/1143/269 455/1144/269 456/1145/269 451/1146/269 
f 448/1147/270 457/1148/270 458/1149/270 449/1150/270 
f 454/1151/271 459/1152/271 460/1153/271 447/1154/271 
f 453/1155/272 461/1156/272 459/1157/272 454/1158/272 
f 451/1159/273 456/1160/273 462/1161/273 452/1162/273 
f 449/1163/274 458/1164/274 455/1165/274 450/1166/274 
f 447/1167/275 460/1168/275 457/1169/275 448/1170/275 
f 452/1171/276 462/1172/276 461/1173/276 453/1174/276 

#VSize: 16, VTSize: 40, VNSize: 9, FSize: 9
v 19.356371 9.592117 -3.506224
v 20.270759 9.693999 -3.506224
v 20.985932 9.120818 -3.506224
v 21.086698 8.209853 -3.506224
v 20.514087 7.494223 -3.506224
v 19.603203 7.392731 -3.506224
v 18.887117 7.964773 -3.506224
v 18.784900 8.875576 -3.506224
v 18.887117 7.964773 -2.654376
v 18.784900 8.875576 -2.654376
v 19.356371 9.592117 -2.654376
v 20.270759 9.693999 -2.654376
v 20.985932 9.120818 -2.654376
v 21.086698 8.209853 -2.654376
v 20.514087 7.494223 -2.654376
v 19.603203 7.392731 -2.654376

vt 0.7517 0.9557
vt 0.3545 1.0000
vt 0.0438 0.7509
vt 0.0000 0.3551
vt 0.2488 0.0441
vt 0.6445 0.0000
vt 0.9556 0.2486
vt 1.0000 0.6444
vt 0.7514 0.0000
vt 0.7514 1.0000
vt 0.3556 1.0000
vt 0.3556 0.0000
vt 0.7517 0.0000
vt 0.7517 1.0000
vt 0.3545 1.0000
vt 0.3545 0.0000
vt 0.3545 0.0000
vt 0.3545 1.0000
vt 0.0438 1.0000
vt 0.0438 0.0000
vt 1.0000 0.0000
vt 1.0000 1.0000
vt 0.7512 1.0000
vt 0.7512 0.0000
vt 0.3555 0.0000
vt 0.3555 1.0000
vt 0.0444 1.0000
vt 0.0444 0.0000
vt 1.0000 0.0000
vt 1.0000 1.0000
vt 0.7517 1.0000
vt 0.7517 0.0000
vt 0.7509 0.0000
vt 0.7509 1.0000
vt 0.3551 1.0000
vt 0.3551 0.0000
vt 0.7512 0.0000
vt 0.7512 1.0000
vt 0.3555 1.0000
vt 0.3555 0.0000

vn 0.0000 0.0000 -1.0000
vn -0.9938 -0.1115 0.0000
vn -0.1107 0.9938 0.0000
vn 0.6254 0.7803 0.0000
vn 0.7808 -0.6248 0.0000
vn -0.6241 -0.7813 0.0000
vn -0.7818 0.6235 0.0000
vn 0.9939 0.1099 0.0000
vn 0.1107 -0.9938 0.0000

o 交通组7号推演三维模型_38
g 交通组7号推演三维模型

usemtl b6757df2-67cf-47ff-a716-9ac96f08ba55
f 463/1175/277 464/1176/277 465/1177/277 466/1178/277 467/1179/277 468/1180/277 469/1181/277 470/1182/277 
f 469/1183/278 471/1184/278 472/1185/278 470/1186/278 
f 463/1187/279 473/1188/279 474/1189/279 464/1190/279 
f 464/1191/280 474/1192/280 475/1193/280 465/1194/280 
f 466/1195/281 476/1196/281 477/1197/281 467/1198/281 
f 468/1199/282 478/1200/282 471/1201/282 469/1202/282 
f 470/1203/283 472/1204/283 473/1205/283 463/1206/283 
f 465/1207/284 475/1208/284 476/1209/284 466/1210/284 
f 467/1211/285 477/1212/285 478/1213/285 468/1214/285 

#VSize: 8, VTSize: 24, VNSize: 6, FSize: 6
v 14.693711 13.710291 -0.117382
v 14.467348 13.584641 -0.117382
v 14.467348 13.584641 -1.379751
v 14.693711 13.710291 -1.379751
v 14.571615 13.930251 -1.379751
v 14.571614 13.930251 -0.117382
v 14.345253 13.804601 -0.117382
v 14.345253 13.804601 -1.379751

vt 0.0000 1.0000
vt 1.0000 1.0000
vt 1.0000 0.0000
vt 0.0000 0.0000
vt 0.0000 0.0000
vt 0.0000 1.0000
vt 1.0000 1.0000
vt 1.0000 0.0000
vt 0.6514 1.0000
vt 1.0000 0.3617
vt 0.3486 0.0000
vt 0.0000 0.6383
vt 1.0000 0.0000
vt 0.0000 0.0000
vt 0.0000 1.0000
vt 1.0000 1.0000
vt 0.0000 0.0000
vt 0.0000 0.0000
vt 0.0000 0.0000
vt 0.0000 0.0000
vt 1.0000 1.0000
vt 1.0000 0.0000
vt 0.0000 0.0000
vt 0.0000 1.0000

vn 0.4853 -0.8743 0.0000
vn 0.8743 0.4853 0.0000
vn 0.0000 0.0000 1.0000
vn -0.8743 -0.4853 0.0000
vn 0.0000 0.0000 -1.0000
vn -0.4853 0.8743 -0.0000

o 交通组7号推演三维模型_39
g 交通组7号推演三维模型

usemtl fa9e728b-e874-4132-8fb8-d30c20882b79
f 479/1215/286 480/1216/286 481/1217/286 482/1218/286 
usemtl 049470ec-e77d-4e4b-aafd-0cf6f37ac47a
f 483/1219/287 484/1220/287 479/1221/287 482/1222/287 
usemtl c62f06d7-9297-4d6f-9abe-1898a6feb2ae
f 485/1223/288 480/1224/288 479/1225/288 484/1226/288 
usemtl 662741a3-d302-4076-b929-ea9078955462
f 486/1227/289 481/1228/289 480/1229/289 485/1230/289 
usemtl mtl_default
f 482/1231/290 481/1232/290 486/1233/290 483/1234/290 
usemtl b3d93a73-a8df-45e7-859b-540712324776
f 484/1235/291 483/1236/291 486/1237/291 485/1238/291 

#VSize: 16, VTSize: 40, VNSize: 9, FSize: 9
v 23.902423 7.013519 -0.029177
v 23.954658 6.971862 -0.029177
v 24.020787 6.979393 -0.029177
v 24.062244 7.031462 -0.029177
v 24.054767 7.097597 -0.029177
v 24.002730 7.139094 -0.029177
v 23.936589 7.131668 -0.029177
v 23.895049 7.079666 -0.029177
v 24.054767 7.097597 -0.117382
v 24.002730 7.139094 -0.117382
v 23.936589 7.131668 -0.117382
v 23.895049 7.079666 -0.117382
v 23.902423 7.013519 -0.117382
v 23.954658 6.971862 -0.117382
v 24.020787 6.979393 -0.117382
v 24.062244 7.031462 -0.117382

vt 0.0000 0.0000
vt 0.0000 0.0000
vt 0.0000 0.0000
vt 0.0000 0.0000
vt 0.0000 0.0000
vt 0.0000 0.0000
vt 0.0000 0.0000
vt 0.0000 0.0000
vt 0.3546 1.0000
vt 0.7506 1.0000
vt 0.7506 0.0000
vt 0.3546 0.0000
vt 0.3547 1.0000
vt 0.7508 1.0000
vt 0.7508 0.0000
vt 0.3547 0.0000
vt 0.3536 1.0000
vt 0.7511 1.0000
vt 0.7511 0.0000
vt 0.3536 0.0000
vt 0.7503 1.0000
vt 1.0000 1.0000
vt 1.0000 0.0000
vt 0.7503 0.0000
vt 0.0435 1.0000
vt 0.3542 1.0000
vt 0.3542 0.0000
vt 0.0435 0.0000
vt 0.7508 1.0000
vt 1.0000 1.0000
vt 1.0000 0.0000
vt 0.7508 0.0000
vt 0.0436 1.0000
vt 0.3547 1.0000
vt 0.3547 0.0000
vt 0.0436 0.0000
vt 0.3542 1.0000
vt 0.7503 1.0000
vt 0.7503 0.0000
vt 0.3542 0.0000

vn 0.0000 0.0000 1.0000
vn 0.6235 0.7818 0.0000
vn -0.7813 0.6241 0.0000
vn -0.6235 -0.7818 0.0000
vn 0.1132 -0.9936 0.0000
vn 0.9937 0.1123 0.0000
vn -0.1116 0.9938 0.0000
vn -0.9938 -0.1108 0.0000
vn 0.7823 -0.6229 0.0000

o 交通组7号推演三维模型_40
g 交通组7号推演三维模型

usemtl mtl_default
f 487/1239/292 488/1240/292 489/1241/292 490/1242/292 491/1243/292 492/1244/292 493/1245/292 494/1246/292 
usemtl 51d7f373-de3f-4157-8e4b-7e535d3a59a8
f 492/1247/293 491/1248/293 495/1249/293 496/1250/293 
f 494/1251/294 493/1252/294 497/1253/294 498/1254/294 
f 488/1255/295 487/1256/295 499/1257/295 500/1258/295 
f 489/1259/296 488/1260/296 500/1261/296 501/1262/296 
f 491/1263/297 490/1264/297 502/1265/297 495/1266/297 
f 493/1267/298 492/1268/298 496/1269/298 497/1270/298 
f 487/1271/299 494/1272/299 498/1273/299 499/1274/299 
f 490/1275/300 489/1276/300 501/1277/300 502/1278/300 

#VSize: 12, VTSize: 36, VNSize: 9, FSize: 9
v 24.119363 7.068310 -0.117382
v 26.098009 8.157942 -0.117382
v 26.070753 8.207435 -0.117382
v 24.092100 7.117813 -0.117382
v 24.064844 7.167305 -1.379750
v 24.092100 7.117813 -1.379751
v 24.064844 7.167305 -0.117382
v 26.043499 8.256928 -1.379750
v 26.070753 8.207435 -1.379751
v 26.043499 8.256928 -0.117382
v 24.119363 7.068310 -1.379750
v 26.098009 8.157943 -1.379750

vt 0.9732 1.0000
vt 0.0000 0.0833
vt 0.0134 0.0416
vt 0.9866 0.9584
vt 0.0000 0.0000
vt 0.0000 0.0000
vt 0.0000 0.0000
vt 0.0000 0.0000
vt 0.0000 0.0000
vt 0.0000 0.0000
vt 0.0000 0.0000
vt 0.0000 0.0000
vt 0.0134 0.0416
vt 0.0268 0.0000
vt 1.0000 0.9167
vt 0.9866 0.9584
vt 0.0000 0.0000
vt 0.0000 0.0000
vt 0.0000 0.0000
vt 0.0000 0.0000
vt 0.0000 0.0000
vt 1.0000 0.0000
vt 1.0000 1.0000
vt 0.0000 1.0000
vt 0.0000 0.0000
vt 0.0000 0.0000
vt 0.0000 0.0000
vt 0.0000 0.0000
vt 0.0000 1.0000
vt 0.0000 0.0000
vt 1.0000 0.0000
vt 1.0000 1.0000
vt 0.0000 0.0000
vt 0.0000 0.0000
vt 0.0000 0.0000
vt 0.0000 0.0000

vn 0.0000 0.0000 1.0000
vn -0.8760 -0.4824 0.0000
vn -0.0000 0.0000 -1.0000
vn 0.0000 0.0000 1.0000
vn -0.8759 -0.4824 0.0000
vn 0.4824 -0.8760 -0.0000
vn 0.0000 -0.0000 -1.0000
vn -0.4824 0.8760 0.0000
vn 0.4824 -0.8760 0.0000

o 交通组7号推演三维模型_41
g 交通组7号推演三维模型

usemtl e750f405-f351-4551-bdc4-a39dd8b18577
f 503/1279/301 504/1280/301 505/1281/301 506/1282/301 
usemtl mtl_default
f 507/1283/302 508/1284/302 506/1285/302 509/1286/302 
f 507/1287/303 510/1288/303 511/1289/303 508/1290/303 
usemtl e750f405-f351-4551-bdc4-a39dd8b18577
f 505/1291/304 512/1292/304 509/1293/304 506/1294/304 
usemtl mtl_default
f 508/1295/305 513/1296/305 503/1297/305 506/1298/305 
usemtl eafef049-3de1-4808-8202-9fea347a6534
f 513/1299/306 514/1300/306 504/1301/306 503/1302/306 
usemtl mtl_default
f 514/1303/307 513/1304/307 508/1305/307 511/1306/307 
usemtl 692db0c8-424e-4626-b3d0-3367f68149c5
f 512/1307/308 510/1308/308 507/1309/308 509/1310/308 
usemtl mtl_default
f 505/1311/309 506/1312/309 508/1313/309 511/1314/309 

#VSize: 8, VTSize: 24, VNSize: 6, FSize: 6
v 21.516061 17.516070 -0.117382
v 21.289699 17.390420 -0.117382
v 21.289699 17.390420 -1.379751
v 21.516061 17.516070 -1.379751
v 21.393966 17.736029 -1.379751
v 21.393966 17.736029 -0.117382
v 21.167604 17.610379 -0.117382
v 21.167604 17.610379 -1.379751

vt 0.0000 1.0000
vt 1.0000 1.0000
vt 1.0000 0.0000
vt 0.0000 0.0000
vt 0.0000 0.0000
vt 0.0000 1.0000
vt 1.0000 1.0000
vt 1.0000 0.0000
vt 0.6514 1.0000
vt 1.0000 0.3617
vt 0.3486 0.0000
vt 0.0000 0.6383
vt 0.0000 0.0000
vt 0.0000 0.0000
vt 0.0000 0.0000
vt 0.0000 0.0000
vt 0.0000 0.0000
vt 0.0000 0.0000
vt 0.0000 0.0000
vt 0.0000 0.0000
vt 1.0000 1.0000
vt 1.0000 0.0000
vt 0.0000 0.0000
vt 0.0000 1.0000

vn 0.4853 -0.8743 0.0000
vn 0.8743 0.4853 0.0000
vn 0.0000 0.0000 1.0000
vn -0.8743 -0.4853 0.0000
vn 0.0000 0.0000 -1.0000
vn -0.4853 0.8743 0.0000

o 交通组7号推演三维模型_42
g 交通组7号推演三维模型

usemtl ad3359a5-b75d-412d-b071-2e8911545ae0
f 515/1315/310 516/1316/310 517/1317/310 518/1318/310 
usemtl 82ca7ead-a941-49a5-b796-1d118860fc82
f 519/1319/311 520/1320/311 515/1321/311 518/1322/311 
usemtl b26861b9-cbc6-445e-819d-bc6d52998630
f 521/1323/312 516/1324/312 515/1325/312 520/1326/312 
usemtl mtl_default
f 522/1327/313 517/1328/313 516/1329/313 521/1330/313 
f 518/1331/314 517/1332/314 522/1333/314 519/1334/314 
usemtl c4c528df-9c36-4c10-864d-0632e5fee3dd
f 520/1335/315 519/1336/315 522/1337/315 521/1338/315 

#VSize: 8, VTSize: 24, VNSize: 6, FSize: 6
v 5.416353 8.614805 -0.117382
v 5.416353 8.614804 -1.379751
v 5.643136 8.739692 -1.379751
v 5.643136 8.739692 -0.117382
v 5.294998 8.835173 -1.379751
v 5.294998 8.835173 -0.117382
v 5.521781 8.960061 -0.117382
v 5.521781 8.960061 -1.379751

vt 0.0000 1.0000
vt 0.0000 0.0000
vt 1.0000 0.0000
vt 1.0000 1.0000
vt 0.0000 0.0000
vt 1.0000 0.0000
vt 1.0000 1.0000
vt 0.0000 1.0000
vt 0.6514 1.0000
vt 0.0000 0.6383
vt 0.3486 0.0000
vt 1.0000 0.3617
vt 0.0000 0.0000
vt 0.0000 0.0000
vt 0.0000 0.0000
vt 0.0000 0.0000
vt 0.0000 0.0000
vt 0.0000 0.0000
vt 0.0000 0.0000
vt 0.0000 0.0000
vt 1.0000 1.0000
vt 0.0000 1.0000
vt 0.0000 0.0000
vt 1.0000 0.0000

vn 0.4824 -0.8760 0.0000
vn -0.8760 -0.4824 0.0000
vn 0.0000 0.0000 1.0000
vn 0.8760 0.4824 0.0000
vn 0.0000 0.0000 -1.0000
vn -0.4824 0.8760 0.0000

o 交通组7号推演三维模型_43
g 交通组7号推演三维模型

usemtl ad3359a5-b75d-412d-b071-2e8911545ae0
f 523/1339/316 524/1340/316 525/1341/316 526/1342/316 
usemtl 82ca7ead-a941-49a5-b796-1d118860fc82
f 527/1343/317 524/1344/317 523/1345/317 528/1346/317 
usemtl b26861b9-cbc6-445e-819d-bc6d52998630
f 529/1347/318 528/1348/318 523/1349/318 526/1350/318 
usemtl mtl_default
f 530/1351/319 529/1352/319 526/1353/319 525/1354/319 
f 524/1355/320 527/1356/320 530/1357/320 525/1358/320 
usemtl c4c528df-9c36-4c10-864d-0632e5fee3dd
f 528/1359/321 529/1360/321 530/1361/321 527/1362/321 

#VSize: 12, VTSize: 36, VNSize: 9, FSize: 9
v 5.382931 8.675496 -0.117382
v 4.157776 8.000813 -0.117382
v 4.157776 8.000813 -1.379750
v 5.382931 8.675496 -1.379750
v 4.103265 8.099799 -0.117382
v 5.328420 8.774482 -0.117382
v 5.328420 8.774481 -1.379750
v 4.103265 8.099799 -1.379750
v 4.130521 8.050306 -1.379751
v 5.355675 8.724989 -1.379751
v 4.130521 8.050306 -0.117382
v 5.355675 8.724989 -0.117382

vt 1.0000 1.0000
vt 0.5000 1.0000
vt 0.5000 0.0000
vt 1.0000 0.0000
vt 0.5000 1.0000
vt 0.0000 1.0000
vt 0.0000 0.0000
vt 0.5000 0.0000
vt 0.0000 0.0000
vt 0.0000 0.0000
vt 0.0000 0.0000
vt 0.0000 0.0000
vt 0.0000 0.0000
vt 0.0000 0.0000
vt 0.0000 0.0000
vt 0.0000 0.0000
vt 0.0000 0.0000
vt 0.0000 0.0000
vt 0.0000 0.0000
vt 0.0000 0.0000
vt 0.0000 0.0000
vt 0.0000 0.0000
vt 0.0000 0.0000
vt 0.0000 0.0000
vt 0.5000 0.5000
vt 0.5109 0.4658
vt 1.0000 0.9317
vt 0.9891 0.9658
vt 0.5000 0.5000
vt 0.9891 0.9658
vt 0.9782 1.0000
vt 0.4891 0.5342
vt 0.0000 0.0000
vt 0.0000 0.0000
vt 0.0000 0.0000
vt 0.0000 0.0000

vn 0.4824 -0.8760 0.0000
vn -0.4824 0.8760 -0.0000
vn 0.0000 -0.0000 -1.0000
vn -0.8760 -0.4824 0.0000
vn -0.0000 0.0000 -1.0000
vn 0.4824 -0.8760 0.0000
vn 0.0000 0.0000 1.0000
vn 0.0000 0.0000 1.0000
vn -0.8760 -0.4824 0.0000

o 交通组7号推演三维模型_44
g 交通组7号推演三维模型

usemtl ce26b266-2f57-41ff-8235-768896f168d1
f 531/1363/322 532/1364/322 533/1365/322 534/1366/322 
usemtl f0e22b69-69ed-456d-902f-0580a5c73742
f 535/1367/323 536/1368/323 537/1369/323 538/1370/323 
usemtl mtl_default
f 533/1371/324 539/1372/324 540/1373/324 534/1374/324 
f 532/1375/325 541/1376/325 539/1377/325 533/1378/325 
f 538/1379/326 537/1380/326 540/1381/326 539/1382/326 
f 541/1383/327 539/1384/327 540/1385/327 542/1386/327 
usemtl fe719946-2d97-46fe-8c0d-50e19515b4e3
f 541/1387/328 532/1388/328 531/1389/328 542/1390/328 
f 541/1391/329 542/1392/329 536/1393/329 535/1394/329 
usemtl mtl_default
f 541/1395/330 535/1396/330 538/1397/330 539/1398/330 

#VSize: 12, VTSize: 36, VNSize: 9, FSize: 9
v 28.947372 9.856077 -0.117382
v 28.947372 9.856077 -1.379750
v 27.722219 9.181388 -1.379750
v 27.722219 9.181388 -0.117382
v 27.776731 9.082401 -0.117382
v 27.776731 9.082403 -1.379750
v 29.001882 9.757092 -1.379750
v 29.001882 9.757092 -0.117382
v 28.974626 9.806583 -1.379751
v 27.749475 9.131895 -1.379751
v 27.749475 9.131895 -0.117382
v 28.974626 9.806583 -0.117382

vt 0.0000 1.0000
vt 0.0000 0.0000
vt 0.5000 0.0000
vt 0.5000 1.0000
vt 0.5000 1.0000
vt 0.5000 0.0000
vt 1.0000 0.0000
vt 1.0000 1.0000
vt 0.0000 0.0000
vt 0.0000 0.0000
vt 0.0000 0.0000
vt 0.0000 0.0000
vt 0.0000 0.0000
vt 0.0000 0.0000
vt 0.0000 0.0000
vt 0.0000 0.0000
vt 0.0000 0.0000
vt 0.0000 0.0000
vt 0.0000 0.0000
vt 0.0000 0.0000
vt 0.0000 0.0000
vt 0.0000 0.0000
vt 0.0000 0.0000
vt 0.0000 0.0000
vt 0.5000 0.5000
vt 0.0109 0.0342
vt 0.0218 0.0000
vt 0.5109 0.4658
vt 0.5000 0.5000
vt 0.4891 0.5342
vt 0.0000 0.0683
vt 0.0109 0.0342
vt 0.0000 0.0000
vt 0.0000 0.0000
vt 0.0000 0.0000
vt 0.0000 0.0000

vn -0.4824 0.8760 0.0000
vn 0.4824 -0.8760 -0.0000
vn -0.0000 0.0000 -1.0000
vn -0.8760 -0.4824 0.0000
vn 0.0000 -0.0000 -1.0000
vn -0.4824 0.8760 0.0000
vn 0.0000 0.0000 1.0000
vn 0.0000 0.0000 1.0000
vn -0.8760 -0.4824 -0.0000

o 交通组7号推演三维模型_45
g 交通组7号推演三维模型

usemtl ce26b266-2f57-41ff-8235-768896f168d1
f 543/1399/331 544/1400/331 545/1401/331 546/1402/331 
usemtl f0e22b69-69ed-456d-902f-0580a5c73742
f 547/1403/332 548/1404/332 549/1405/332 550/1406/332 
usemtl mtl_default
f 545/1407/333 544/1408/333 551/1409/333 552/1410/333 
f 546/1411/334 545/1412/334 552/1413/334 553/1414/334 
f 548/1415/335 552/1416/335 551/1417/335 549/1418/335 
f 553/1419/336 554/1420/336 551/1421/336 552/1422/336 
usemtl fe719946-2d97-46fe-8c0d-50e19515b4e3
f 553/1423/337 554/1424/337 543/1425/337 546/1426/337 
f 553/1427/338 547/1428/338 550/1429/338 554/1430/338 
usemtl mtl_default
f 553/1431/339 552/1432/339 548/1433/339 547/1434/339 

#VSize: 16, VTSize: 40, VNSize: 9, FSize: 9
v 2.852654 7.202991 0.215752
v 2.912772 7.278195 0.215752
v 2.902142 7.373887 0.215752
v 2.826985 7.434064 0.215752
v 2.731286 7.423510 0.215752
v 2.671048 7.348402 0.215752
v 2.681526 7.252694 0.215752
v 2.756586 7.192397 0.215752
v 2.681526 7.252694 -0.029177
v 2.756586 7.192397 -0.029177
v 2.731286 7.423510 -0.029177
v 2.671048 7.348402 -0.029177
v 2.902142 7.373887 -0.029177
v 2.826985 7.434064 -0.029177
v 2.852654 7.202991 -0.029177
v 2.912772 7.278195 -0.029177

vt 0.7513 0.0438
vt 1.0000 0.3550
vt 0.9560 0.7510
vt 0.6451 1.0000
vt 0.2492 0.9563
vt 0.0000 0.6455
vt 0.0433 0.2495
vt 0.3539 0.0000
vt 0.0433 1.0000
vt 0.0433 0.0000
vt 0.3539 0.0000
vt 0.3539 1.0000
vt 0.7508 1.0000
vt 0.7508 0.0000
vt 1.0000 0.0000
vt 1.0000 1.0000
vt 0.0440 1.0000
vt 0.0440 0.0000
vt 0.3549 0.0000
vt 0.3549 1.0000
vt 0.7513 1.0000
vt 0.7513 0.0000
vt 1.0000 0.0000
vt 1.0000 1.0000
vt 0.3545 1.0000
vt 0.3545 0.0000
vt 0.7505 0.0000
vt 0.7505 1.0000
vt 0.3549 1.0000
vt 0.3549 0.0000
vt 0.7508 0.0000
vt 0.7508 1.0000
vt 0.3550 1.0000
vt 0.3550 0.0000
vt 0.7510 0.0000
vt 0.7510 1.0000
vt 0.3539 1.0000
vt 0.3539 0.0000
vt 0.7513 0.0000
vt 0.7513 1.0000

vn 0.0000 0.0000 1.0000
vn -0.6263 -0.7796 0.0000
vn -0.7801 0.6257 0.0000
vn 0.6250 0.7806 0.0000
vn 0.7811 -0.6244 0.0000
vn -0.9941 -0.1088 0.0000
vn -0.1096 0.9940 0.0000
vn 0.9939 0.1104 0.0000
vn 0.1096 -0.9940 0.0000

o 交通组7号推演三维模型_46
g 交通组7号推演三维模型

usemtl 9b8d29a1-ecd9-4cd3-929c-2d595c49020a
f 555/1435/340 556/1436/340 557/1437/340 558/1438/340 559/1439/340 560/1440/340 561/1441/340 562/1442/340 
usemtl daaf5caf-fe21-4262-9540-36897213e2b2
f 561/1443/341 563/1444/341 564/1445/341 562/1446/341 
f 559/1447/342 565/1448/342 566/1449/342 560/1450/342 
f 557/1451/343 567/1452/343 568/1453/343 558/1454/343 
f 555/1455/344 569/1456/344 570/1457/344 556/1458/344 
f 560/1459/345 566/1460/345 563/1461/345 561/1462/345 
f 558/1463/346 568/1464/346 565/1465/346 559/1466/346 
f 556/1467/347 570/1468/347 567/1469/347 557/1470/347 
f 562/1471/348 564/1472/348 569/1473/348 555/1474/348 

#VSize: 16, VTSize: 40, VNSize: 9, FSize: 9
v 7.805001 -1.754303 0.215752
v 7.744944 -1.830029 0.215752
v 7.756094 -1.925660 0.215752
v 7.831577 -1.985428 0.215752
v 7.927218 -1.974354 0.215752
v 7.987046 -1.898919 0.215752
v 7.976047 -1.803270 0.215752
v 7.900660 -1.743382 0.215752
v 7.744944 -1.830029 -0.029177
v 7.756094 -1.925660 -0.029177
v 7.831577 -1.985428 -0.029177
v 7.927218 -1.974354 -0.029177
v 7.987046 -1.898919 -0.029177
v 7.976047 -1.803270 -0.029177
v 7.900660 -1.743382 -0.029177
v 7.805001 -1.754303 -0.029177

vt 0.7513 0.0438
vt 0.3539 0.0000
vt 0.0433 0.2495
vt 0.0000 0.6455
vt 0.2492 0.9563
vt 0.6451 1.0000
vt 0.9560 0.7510
vt 1.0000 0.3550
vt 0.0433 1.0000
vt 0.3539 1.0000
vt 0.3539 0.0000
vt 0.0433 0.0000
vt 0.7508 1.0000
vt 1.0000 1.0000
vt 1.0000 0.0000
vt 0.7508 0.0000
vt 0.0440 1.0000
vt 0.3549 1.0000
vt 0.3549 0.0000
vt 0.0440 0.0000
vt 0.7513 1.0000
vt 1.0000 1.0000
vt 1.0000 0.0000
vt 0.7513 0.0000
vt 0.3545 1.0000
vt 0.7505 1.0000
vt 0.7505 0.0000
vt 0.3545 0.0000
vt 0.3549 1.0000
vt 0.7508 1.0000
vt 0.7508 0.0000
vt 0.3549 0.0000
vt 0.3550 1.0000
vt 0.7510 1.0000
vt 0.7510 0.0000
vt 0.3550 0.0000
vt 0.3539 1.0000
vt 0.7513 1.0000
vt 0.7513 0.0000
vt 0.3539 0.0000

vn 0.0000 0.0000 1.0000
vn -0.9933 -0.1158 0.0000
vn 0.1150 -0.9934 0.0000
vn 0.9935 0.1142 0.0000
vn -0.1134 0.9935 0.0000
vn -0.6208 -0.7840 0.0000
vn 0.7835 -0.6214 0.0000
vn 0.6220 0.7830 0.0000
vn -0.7835 0.6214 0.0000

o 交通组7号推演三维模型_47
g 交通组7号推演三维模型

usemtl 9b8d29a1-ecd9-4cd3-929c-2d595c49020a
f 571/1475/349 572/1476/349 573/1477/349 574/1478/349 575/1479/349 576/1480/349 577/1481/349 578/1482/349 
usemtl daaf5caf-fe21-4262-9540-36897213e2b2
f 573/1483/350 572/1484/350 579/1485/350 580/1486/350 
f 575/1487/351 574/1488/351 581/1489/351 582/1490/351 
f 577/1491/352 576/1492/352 583/1493/352 584/1494/352 
f 571/1495/353 578/1496/353 585/1497/353 586/1498/353 
f 574/1499/354 573/1500/354 580/1501/354 581/1502/354 
f 576/1503/355 575/1504/355 582/1505/355 583/1506/355 
f 578/1507/356 577/1508/356 584/1509/356 585/1510/356 
f 572/1511/357 571/1512/357 586/1513/357 579/1514/357 

#VSize: 16, VTSize: 40, VNSize: 9, FSize: 9
v 10.035980 11.445990 0.215752
v 9.975678 11.370460 0.215752
v 9.986519 11.274792 0.215752
v 10.061808 11.214781 0.215752
v 10.157484 11.225546 0.215752
v 10.217556 11.300787 0.215752
v 10.206866 11.396472 0.215752
v 10.131673 11.456603 0.215752
v 9.975678 11.370460 -0.029177
v 9.986519 11.274792 -0.029177
v 10.061808 11.214781 -0.029177
v 10.157484 11.225546 -0.029177
v 10.217556 11.300787 -0.029177
v 10.206866 11.396472 -0.029177
v 10.131673 11.456603 -0.029177
v 10.035980 11.445990 -0.029177

vt 0.7513 0.0438
vt 0.3539 0.0000
vt 0.0433 0.2495
vt 0.0000 0.6455
vt 0.2492 0.9563
vt 0.6451 1.0000
vt 0.9560 0.7510
vt 1.0000 0.3550
vt 0.0433 1.0000
vt 0.3539 1.0000
vt 0.3539 0.0000
vt 0.0433 0.0000
vt 0.7508 1.0000
vt 1.0000 1.0000
vt 1.0000 0.0000
vt 0.7508 0.0000
vt 0.0440 1.0000
vt 0.3549 1.0000
vt 0.3549 0.0000
vt 0.0440 0.0000
vt 0.7513 1.0000
vt 1.0000 1.0000
vt 1.0000 0.0000
vt 0.7513 0.0000
vt 0.3545 1.0000
vt 0.7505 1.0000
vt 0.7505 0.0000
vt 0.3545 0.0000
vt 0.3549 1.0000
vt 0.7508 1.0000
vt 0.7508 0.0000
vt 0.3549 0.0000
vt 0.3550 1.0000
vt 0.7510 1.0000
vt 0.7510 0.0000
vt 0.3550 0.0000
vt 0.3539 1.0000
vt 0.7513 1.0000
vt 0.7513 0.0000
vt 0.3539 0.0000

vn 0.0000 0.0000 1.0000
vn -0.9936 -0.1126 0.0000
vn 0.1118 -0.9937 0.0000
vn 0.9938 0.1110 0.0000
vn -0.1102 0.9939 0.0000
vn -0.6233 -0.7820 0.0000
vn 0.7815 -0.6239 0.0000
vn 0.6245 0.7810 0.0000
vn -0.7815 0.6239 0.0000

o 交通组7号推演三维模型_48
g 交通组7号推演三维模型

usemtl 58e2627b-8901-457b-8afb-e4e3c1aa69dc
f 587/1515/358 588/1516/358 589/1517/358 590/1518/358 591/1519/358 592/1520/358 593/1521/358 594/1522/358 
usemtl ab0ec295-96e8-4fbf-9a4d-d77f4e535cb0
f 589/1523/359 588/1524/359 595/1525/359 596/1526/359 
f 591/1527/360 590/1528/360 597/1529/360 598/1530/360 
f 593/1531/361 592/1532/361 599/1533/361 600/1534/361 
f 587/1535/362 594/1536/362 601/1537/362 602/1538/362 
f 590/1539/363 589/1540/363 596/1541/363 597/1542/363 
f 592/1543/364 591/1544/364 598/1545/364 599/1546/364 
f 594/1547/365 593/1548/365 600/1549/365 601/1550/365 
f 588/1551/366 587/1552/366 602/1553/366 595/1554/366 

#VSize: 16, VTSize: 40, VNSize: 9, FSize: 9
v 14.595550 13.799671 -0.029177
v 14.543446 13.841083 -0.029177
v 14.477318 13.833548 -0.029177
v 14.435864 13.781477 -0.029177
v 14.443345 13.715342 -0.029177
v 14.495384 13.673848 -0.029177
v 14.561524 13.681277 -0.029177
v 14.603061 13.733281 -0.029177
v 14.435864 13.781477 -0.117382
v 14.443345 13.715342 -0.117382
v 14.543446 13.841083 -0.117382
v 14.477318 13.833548 -0.117382
v 14.603061 13.733281 -0.117382
v 14.595550 13.799671 -0.117382
v 14.561524 13.681277 -0.117382
v 14.495384 13.673848 -0.117382

vt 0.0000 0.0000
vt 0.0000 0.0000
vt 0.0000 0.0000
vt 0.0000 0.0000
vt 0.0000 0.0000
vt 0.0000 0.0000
vt 0.0000 0.0000
vt 0.0000 0.0000
vt 0.3559 1.0000
vt 0.3559 0.0000
vt 0.0447 0.0000
vt 0.0447 1.0000
vt 1.0000 1.0000
vt 1.0000 0.0000
vt 0.7515 0.0000
vt 0.7515 1.0000
vt 0.3565 1.0000
vt 0.3565 0.0000
vt 0.0440 0.0000
vt 0.0440 1.0000
vt 0.7520 1.0000
vt 0.7520 0.0000
vt 0.3565 0.0000
vt 0.3565 1.0000
vt 0.7518 1.0000
vt 0.7518 0.0000
vt 0.3563 0.0000
vt 0.3563 1.0000
vt 0.7515 1.0000
vt 0.7515 0.0000
vt 0.3559 0.0000
vt 0.3559 1.0000
vt 0.7509 1.0000
vt 0.7509 0.0000
vt 0.3553 0.0000
vt 0.3553 1.0000
vt 1.0000 1.0000
vt 1.0000 0.0000
vt 0.7520 0.0000
vt 0.7520 1.0000

vn 0.0000 0.0000 1.0000
vn -0.9937 -0.1124 0.0000
vn -0.1132 0.9936 0.0000
vn 0.9937 0.1124 0.0000
vn 0.7814 -0.6241 0.0000
vn -0.6234 -0.7819 0.0000
vn -0.7824 0.6228 0.0000
vn 0.6222 0.7829 0.0000
vn 0.1116 -0.9938 0.0000

o 交通组7号推演三维模型_49
g 交通组7号推演三维模型

usemtl mtl_default
f 603/1555/367 604/1556/367 605/1557/367 606/1558/367 607/1559/367 608/1560/367 609/1561/367 610/1562/367 
usemtl b8e02c5d-1f19-437f-a102-4402567d5c44
f 606/1563/368 611/1564/368 612/1565/368 607/1566/368 
f 604/1567/369 613/1568/369 614/1569/369 605/1570/369 
f 610/1571/370 615/1572/370 616/1573/370 603/1574/370 
f 609/1575/371 617/1576/371 615/1577/371 610/1578/371 
f 607/1579/372 612/1580/372 618/1581/372 608/1582/372 
f 605/1583/373 614/1584/373 611/1585/373 606/1586/373 
f 603/1587/374 616/1588/374 613/1589/374 604/1590/374 
f 608/1591/375 618/1592/375 617/1593/375 609/1594/375 

#VSize: 12, VTSize: 36, VNSize: 9, FSize: 9
v 14.661935 13.791063 -0.117382
v 16.637046 14.887088 -0.117382
v 16.609631 14.936493 -0.117382
v 14.634510 13.840477 -0.117382
v 14.607095 13.889881 -1.379750
v 14.634510 13.840477 -1.379751
v 14.607095 13.889881 -0.117382
v 16.582216 14.985896 -1.379750
v 16.609631 14.936493 -1.379751
v 16.582216 14.985896 -0.117382
v 14.661935 13.791064 -1.379750
v 16.637046 14.887088 -1.379750

vt 0.9732 1.0000
vt 0.0000 0.0833
vt 0.0134 0.0416
vt 0.9866 0.9584
vt 0.0000 0.0000
vt 0.0000 0.0000
vt 0.0000 0.0000
vt 0.0000 0.0000
vt 0.0000 0.0000
vt 0.0000 0.0000
vt 0.0000 0.0000
vt 0.0000 0.0000
vt 0.0134 0.0416
vt 0.0268 0.0000
vt 1.0000 0.9167
vt 0.9866 0.9584
vt 0.0000 0.0000
vt 0.0000 0.0000
vt 0.0000 0.0000
vt 0.0000 0.0000
vt 0.0000 0.0000
vt 1.0000 0.0000
vt 1.0000 1.0000
vt 0.0000 1.0000
vt 0.0000 0.0000
vt 0.0000 0.0000
vt 0.0000 0.0000
vt 0.0000 0.0000
vt 0.0000 1.0000
vt 0.0000 0.0000
vt 1.0000 0.0000
vt 1.0000 1.0000
vt 0.0000 0.0000
vt 0.0000 0.0000
vt 0.0000 0.0000
vt 0.0000 0.0000

vn 0.0000 0.0000 1.0000
vn -0.8744 -0.4852 0.0000
vn -0.0000 0.0000 -1.0000
vn 0.0000 0.0000 1.0000
vn -0.8744 -0.4853 -0.0000
vn 0.4852 -0.8744 -0.0000
vn 0.0000 -0.0000 -1.0000
vn -0.4852 0.8744 0.0000
vn 0.4852 -0.8744 0.0000

o 交通组7号推演三维模型_50
g 交通组7号推演三维模型

usemtl e750f405-f351-4551-bdc4-a39dd8b18577
f 619/1595/376 620/1596/376 621/1597/376 622/1598/376 
usemtl mtl_default
f 623/1599/377 624/1600/377 622/1601/377 625/1602/377 
f 623/1603/378 626/1604/378 627/1605/378 624/1606/378 
usemtl e750f405-f351-4551-bdc4-a39dd8b18577
f 621/1607/379 628/1608/379 625/1609/379 622/1610/379 
usemtl mtl_default
f 624/1611/380 629/1612/380 619/1613/380 622/1614/380 
usemtl eafef049-3de1-4808-8202-9fea347a6534
f 629/1615/381 630/1616/381 620/1617/381 619/1618/381 
usemtl mtl_default
f 630/1619/382 629/1620/382 624/1621/382 627/1622/382 
usemtl 692db0c8-424e-4626-b3d0-3367f68149c5
f 628/1623/383 626/1624/383 623/1625/383 625/1626/383 
usemtl mtl_default
f 621/1627/384 622/1628/384 624/1629/384 627/1630/384 

#VSize: 8, VTSize: 16, VNSize: 4, FSize: 4
v 7.809379 -2.039527 -1.666296
v 10.483992 -0.560780 -1.666296
v 7.886019 4.138176 -1.666296
v 5.211405 2.659429 -1.666296
v 10.483993 -0.560779 -3.506224
v 7.886020 4.138176 -3.506224
v 6.833239 3.556112 -3.506224
v 9.431212 -1.142844 -3.506224

vt 0.0000 1.0000
vt 0.0000 0.0000
vt 1.0000 0.0000
vt 1.0000 1.0000
vt 0.0000 0.0000
vt 0.7492 0.0000
vt 1.0000 1.0000
vt 0.2508 1.0000
vt 0.0000 1.0000
vt 0.6064 0.0000
vt 1.0000 0.0000
vt 1.0000 1.0000
vt 0.3493 0.1451
vt 0.6197 0.0000
vt 1.0000 0.6676
vt 0.7296 0.8126

vn 0.8751 0.4839 0.0000
vn -0.6166 -0.3409 -0.7096
vn 0.4839 -0.8751 -0.0000
vn 0.0000 0.0000 -1.0000

o 交通组7号推演三维模型_51
g 交通组7号推演三维模型

usemtl 2fe7c338-1425-473c-bedc-4d1b5e9b17c1
f 632/1631/385 635/1632/385 636/1633/385 633/1634/385 
usemtl 55c2c3e4-f984-4125-b108-a6c4b70ac042
f 637/1635/386 638/1636/386 631/1637/386 634/1638/386 
usemtl 98f86c66-68fa-4dd3-a01b-009e688e8cd8
f 631/1639/387 638/1640/387 635/1641/387 632/1642/387 
usemtl 3f4beae3-002a-401e-8820-640b497fbb6e
f 635/1643/388 638/1644/388 637/1645/388 636/1646/388 

#VSize: 8, VTSize: 24, VNSize: 6, FSize: 6
v 23.961826 18.873657 -0.117382
v 23.961826 18.873657 -1.379751
v 24.188188 18.999306 -1.379751
v 24.188188 18.999306 -0.117382
v 23.839731 19.093617 -1.379751
v 23.839731 19.093617 -0.117382
v 24.066093 19.219265 -0.117382
v 24.066095 19.219265 -1.379751

vt 1.0000 1.0000
vt 1.0000 0.0000
vt 0.0000 0.0000
vt 0.0000 1.0000
vt 1.0000 0.0000
vt 0.0000 0.0000
vt 0.0000 1.0000
vt 1.0000 1.0000
vt 0.0000 0.6383
vt 0.6514 1.0000
vt 1.0000 0.3617
vt 0.3486 0.0000
vt 0.0000 0.0000
vt 0.0000 1.0000
vt 1.0000 1.0000
vt 1.0000 0.0000
vt 0.0000 0.0000
vt 0.0000 0.0000
vt 0.0000 0.0000
vt 0.0000 0.0000
vt 0.0000 1.0000
vt 1.0000 1.0000
vt 1.0000 0.0000
vt 0.0000 0.0000

vn 0.4853 -0.8743 0.0000
vn -0.8743 -0.4853 0.0000
vn 0.0000 0.0000 1.0000
vn 0.8743 0.4853 0.0000
vn 0.0000 0.0000 -1.0000
vn -0.4853 0.8743 -0.0000

o 交通组7号推演三维模型_52
g 交通组7号推演三维模型

usemtl 096003d4-4fb4-4f61-8dea-43ee7f01a505
f 639/1647/389 640/1648/389 641/1649/389 642/1650/389 
usemtl 354fd1ec-24a5-4672-a46d-d6fbe135fe40
f 643/1651/390 640/1652/390 639/1653/390 644/1654/390 
usemtl 84c4a92e-e2e6-406c-aa26-38a98126275e
f 645/1655/391 644/1656/391 639/1657/391 642/1658/391 
usemtl 70d6159f-d690-44a3-b75d-82c3b89dbedb
f 646/1659/392 645/1660/392 642/1661/392 641/1662/392 
usemtl mtl_default
f 640/1663/393 643/1664/393 646/1665/393 641/1666/393 
usemtl 20851a30-e1db-4142-b028-956381ab6a92
f 644/1667/394 645/1668/394 646/1669/394 643/1670/394 

#VSize: 12, VTSize: 36, VNSize: 9, FSize: 9
v 7.951809 -1.752058 -0.117382
v 9.174691 -1.073264 -0.117382
v 9.174691 -1.073264 -1.379750
v 7.951809 -1.752058 -1.379750
v 9.229534 -1.172066 -0.117382
v 8.006652 -1.850859 -0.117382
v 8.006651 -1.850859 -1.379750
v 9.229534 -1.172066 -1.379750
v 9.202112 -1.122665 -1.379751
v 7.979230 -1.801459 -1.379751
v 9.202112 -1.122665 -0.117382
v 7.979230 -1.801459 -0.117382

vt 0.0000 1.0000
vt 0.5000 1.0000
vt 0.5000 0.0000
vt 0.0000 0.0000
vt 0.5000 1.0000
vt 1.0000 1.0000
vt 1.0000 0.0000
vt 0.5000 0.0000
vt 0.0000 0.0000
vt 0.0000 0.0000
vt 0.0000 0.0000
vt 0.0000 0.0000
vt 0.0000 0.0000
vt 0.0000 0.0000
vt 0.0000 0.0000
vt 0.0000 0.0000
vt 0.0000 0.0000
vt 0.0000 0.0000
vt 0.0000 0.0000
vt 0.0000 0.0000
vt 0.0000 0.0000
vt 0.0000 0.0000
vt 0.0000 0.0000
vt 0.0000 0.0000
vt 0.5000 0.5000
vt 0.5109 0.4658
vt 0.0218 0.0000
vt 0.0109 0.0342
vt 0.5000 0.5000
vt 0.0109 0.0342
vt 0.0000 0.0683
vt 0.4891 0.5342
vt 0.0000 0.0000
vt 0.0000 0.0000
vt 0.0000 0.0000
vt 0.0000 0.0000

vn -0.4853 0.8743 0.0000
vn 0.4853 -0.8743 -0.0000
vn -0.0000 0.0000 -1.0000
vn 0.8743 0.4853 0.0000
vn 0.0000 -0.0000 -1.0000
vn -0.4853 0.8743 0.0000
vn 0.0000 0.0000 1.0000
vn 0.0000 0.0000 1.0000
vn 0.8743 0.4853 0.0000

o 交通组7号推演三维模型_53
g 交通组7号推演三维模型

usemtl ce26b266-2f57-41ff-8235-768896f168d1
f 647/1671/395 648/1672/395 649/1673/395 650/1674/395 
usemtl f0e22b69-69ed-456d-902f-0580a5c73742
f 651/1675/396 652/1676/396 653/1677/396 654/1678/396 
usemtl mtl_default
f 649/1679/397 655/1680/397 656/1681/397 650/1682/397 
f 648/1683/398 657/1684/398 655/1685/398 649/1686/398 
f 654/1687/399 653/1688/399 656/1689/399 655/1690/399 
f 657/1691/400 655/1692/400 656/1693/400 658/1694/400 
usemtl fe719946-2d97-46fe-8c0d-50e19515b4e3
f 657/1695/401 648/1696/401 647/1697/401 658/1698/401 
f 657/1699/402 658/1700/402 652/1701/402 651/1702/402 
usemtl mtl_default
f 657/1703/403 651/1704/403 654/1705/403 655/1706/403 

#VSize: 4, VTSize: 4, VNSize: 1, FSize: 1
v 28.453332 11.294695 -1.379750
v 28.448837 11.292209 -1.379750
v 29.262088 9.821290 -1.379750
v 29.266584 9.823775 -1.379751

vt 0.0000 0.0000
vt 0.0000 0.0000
vt 0.0000 0.0000
vt 0.0000 0.0000

vn 0.0001 0.0000 1.0000

o 交通组7号推演三维模型_54
g 交通组7号推演三维模型

usemtl mtl_default
f 659/1707/404 660/1708/404 661/1709/404 662/1710/404 

#VSize: 16, VTSize: 40, VNSize: 9, FSize: 9
v 21.844019 5.736205 0.215752
v 21.904322 5.811736 0.215752
v 21.893481 5.907402 0.215752
v 21.818192 5.967414 0.215752
v 21.722515 5.956649 0.215752
v 21.662443 5.881408 0.215752
v 21.673132 5.785723 0.215752
v 21.748327 5.725592 0.215752
v 21.904322 5.811736 -0.029177
v 21.893481 5.907402 -0.029177
v 21.818192 5.967414 -0.029177
v 21.722515 5.956649 -0.029177
v 21.662443 5.881408 -0.029177
v 21.673132 5.785723 -0.029177
v 21.748327 5.725592 -0.029177
v 21.844019 5.736205 -0.029177

vt 0.7513 0.0438
vt 0.3539 0.0000
vt 0.0433 0.2495
vt 0.0000 0.6455
vt 0.2492 0.9563
vt 0.6451 1.0000
vt 0.9560 0.7510
vt 1.0000 0.3550
vt 0.0433 1.0000
vt 0.3539 1.0000
vt 0.3539 0.0000
vt 0.0433 0.0000
vt 0.7508 1.0000
vt 1.0000 1.0000
vt 1.0000 0.0000
vt 0.7508 0.0000
vt 0.0440 1.0000
vt 0.3549 1.0000
vt 0.3549 0.0000
vt 0.0440 0.0000
vt 0.7513 1.0000
vt 1.0000 1.0000
vt 1.0000 0.0000
vt 0.7513 0.0000
vt 0.3545 1.0000
vt 0.7505 1.0000
vt 0.7505 0.0000
vt 0.3545 0.0000
vt 0.3549 1.0000
vt 0.7508 1.0000
vt 0.7508 0.0000
vt 0.3549 0.0000
vt 0.3550 1.0000
vt 0.7510 1.0000
vt 0.7510 0.0000
vt 0.3550 0.0000
vt 0.3539 1.0000
vt 0.7513 1.0000
vt 0.7513 0.0000
vt 0.3539 0.0000

vn 0.0000 0.0000 1.0000
vn 0.9936 0.1126 0.0000
vn -0.1118 0.9937 0.0000
vn -0.9938 -0.1110 0.0000
vn 0.1102 -0.9939 0.0000
vn 0.6233 0.7820 0.0000
vn -0.7815 0.6239 0.0000
vn -0.6245 -0.7810 0.0000
vn 0.7815 -0.6239 0.0000

o 交通组7号推演三维模型_55
g 交通组7号推演三维模型

usemtl 58e2627b-8901-457b-8afb-e4e3c1aa69dc
f 663/1711/405 664/1712/405 665/1713/405 666/1714/405 667/1715/405 668/1716/405 669/1717/405 670/1718/405 
usemtl ab0ec295-96e8-4fbf-9a4d-d77f4e535cb0
f 665/1719/406 664/1720/406 671/1721/406 672/1722/406 
f 667/1723/407 666/1724/407 673/1725/407 674/1726/407 
f 669/1727/408 668/1728/408 675/1729/408 676/1730/408 
f 663/1731/409 670/1732/409 677/1733/409 678/1734/409 
f 666/1735/410 665/1736/410 672/1737/410 673/1738/410 
f 668/1739/411 667/1740/411 674/1741/411 675/1742/411 
f 670/1743/412 669/1744/412 676/1745/412 677/1746/412 
f 664/1747/413 663/1748/413 678/1749/413 671/1750/413 

#VSize: 16, VTSize: 40, VNSize: 9, FSize: 9
v 29.011807 9.827059 -0.029177
v 29.063773 9.785473 -0.029177
v 29.129927 9.792785 -0.029177
v 29.171555 9.844716 -0.029177
v 29.164296 9.910875 -0.029177
v 29.112397 9.952545 -0.029177
v 29.046231 9.945338 -0.029177
v 29.004521 9.893473 -0.029177
v 29.171555 9.844716 -0.117382
v 29.164296 9.910875 -0.117382
v 29.063773 9.785473 -0.117382
v 29.129927 9.792785 -0.117382
v 29.004521 9.893473 -0.117382
v 29.011807 9.827059 -0.117382
v 29.046231 9.945338 -0.117382
v 29.112397 9.952545 -0.117382

vt 0.0000 0.0000
vt 0.0000 0.0000
vt 0.0000 0.0000
vt 0.0000 0.0000
vt 0.0000 0.0000
vt 0.0000 0.0000
vt 0.0000 0.0000
vt 0.0000 0.0000
vt 0.3546 1.0000
vt 0.3546 0.0000
vt 0.7506 0.0000
vt 0.7506 1.0000
vt 0.3547 1.0000
vt 0.3547 0.0000
vt 0.7508 0.0000
vt 0.7508 1.0000
vt 0.3536 1.0000
vt 0.3536 0.0000
vt 0.7511 0.0000
vt 0.7511 1.0000
vt 0.7503 1.0000
vt 0.7503 0.0000
vt 1.0000 0.0000
vt 1.0000 1.0000
vt 0.0435 1.0000
vt 0.0435 0.0000
vt 0.3542 0.0000
vt 0.3542 1.0000
vt 0.7508 1.0000
vt 0.7508 0.0000
vt 1.0000 0.0000
vt 1.0000 1.0000
vt 0.0436 1.0000
vt 0.0436 0.0000
vt 0.3547 0.0000
vt 0.3547 1.0000
vt 0.3542 1.0000
vt 0.3542 0.0000
vt 0.7503 0.0000
vt 0.7503 1.0000

vn 0.0000 0.0000 1.0000
vn 0.9940 0.1091 0.0000
vn 0.1099 -0.9939 0.0000
vn -0.9940 -0.1091 0.0000
vn -0.7793 0.6267 0.0000
vn 0.6261 0.7798 0.0000
vn 0.7803 -0.6255 0.0000
vn -0.6248 -0.7808 0.0000
vn -0.1083 0.9941 0.0000

o 交通组7号推演三维模型_56
g 交通组7号推演三维模型

usemtl mtl_default
f 679/1751/414 680/1752/414 681/1753/414 682/1754/414 683/1755/414 684/1756/414 685/1757/414 686/1758/414 
usemtl 13ed4d28-8096-4526-b589-a242c84f9276
f 682/1759/415 687/1760/415 688/1761/415 683/1762/415 
f 680/1763/416 689/1764/416 690/1765/416 681/1766/416 
f 686/1767/417 691/1768/417 692/1769/417 679/1770/417 
f 685/1771/418 693/1772/418 691/1773/418 686/1774/418 
f 683/1775/419 688/1776/419 694/1777/419 684/1778/419 
f 681/1779/420 690/1780/420 687/1781/420 682/1782/420 
f 679/1783/421 692/1784/421 689/1785/421 680/1786/421 
f 684/1787/422 694/1788/422 693/1789/422 685/1790/422 

#VSize: 8, VTSize: 24, VNSize: 6, FSize: 6
v 21.730636 5.673746 -0.117382
v 21.730636 5.673745 -1.379751
v 21.957403 5.798662 -1.379751
v 21.957404 5.798663 -0.117382
v 21.609253 5.894099 -1.379751
v 21.609253 5.894099 -0.117382
v 21.836020 6.019015 -0.117382
v 21.836020 6.019015 -1.379751

vt 1.0000 1.0000
vt 1.0000 0.0000
vt 0.0000 0.0000
vt 0.0000 1.0000
vt 1.0000 0.0000
vt 0.0000 0.0000
vt 0.0000 1.0000
vt 1.0000 1.0000
vt 0.0000 0.6383
vt 0.6514 1.0000
vt 1.0000 0.3617
vt 0.3486 0.0000
vt 0.0000 0.0000
vt 0.0000 0.0000
vt 0.0000 0.0000
vt 0.0000 0.0000
vt 0.0000 0.0000
vt 0.0000 0.0000
vt 0.0000 0.0000
vt 0.0000 0.0000
vt 0.0000 1.0000
vt 1.0000 1.0000
vt 1.0000 0.0000
vt 0.0000 0.0000

vn 0.4825 -0.8759 0.0000
vn -0.8759 -0.4825 0.0000
vn 0.0000 0.0000 1.0000
vn 0.8759 0.4825 -0.0000
vn 0.0000 0.0000 -1.0000
vn -0.4825 0.8759 0.0000

o 交通组7号推演三维模型_57
g 交通组7号推演三维模型

usemtl 3b92234a-972c-4365-9291-1afdd94c635a
f 695/1791/423 696/1792/423 697/1793/423 698/1794/423 
usemtl a3121e47-7567-40b1-9e71-68a89b10728e
f 699/1795/424 696/1796/424 695/1797/424 700/1798/424 
usemtl 681213e5-dfe8-48e3-b6b3-618be78c8dd7
f 701/1799/425 700/1800/425 695/1801/425 698/1802/425 
usemtl mtl_default
f 702/1803/426 701/1804/426 698/1805/426 697/1806/426 
f 696/1807/427 699/1808/427 702/1809/427 697/1810/427 
usemtl bdb4ef7b-c643-488a-804a-f5d7d0b87883
f 700/1811/428 701/1812/428 702/1813/428 699/1814/428 

#VSize: 8, VTSize: 24, VNSize: 6, FSize: 6
v 17.186291 3.471898 -0.117382
v 17.412653 3.597548 -0.117382
v 17.412653 3.597548 -1.379751
v 17.186291 3.471898 -1.379751
v 17.308387 3.251939 -1.379751
v 17.308388 3.251939 -0.117382
v 17.534750 3.377589 -0.117382
v 17.534750 3.377589 -1.379751

vt 0.0000 1.0000
vt 1.0000 1.0000
vt 1.0000 0.0000
vt 0.0000 0.0000
vt 0.0000 0.0000
vt 0.0000 1.0000
vt 1.0000 1.0000
vt 1.0000 0.0000
vt 0.6514 1.0000
vt 1.0000 0.3617
vt 0.3486 0.0000
vt 0.0000 0.6383
vt 1.0000 0.0000
vt 0.0000 0.0000
vt 0.0000 1.0000
vt 1.0000 1.0000
vt 0.0000 0.0000
vt 0.0000 0.0000
vt 0.0000 0.0000
vt 0.0000 0.0000
vt 1.0000 1.0000
vt 1.0000 0.0000
vt 0.0000 0.0000
vt 0.0000 1.0000

vn -0.4853 0.8743 0.0000
vn -0.8743 -0.4853 0.0000
vn 0.0000 0.0000 1.0000
vn 0.8743 0.4853 0.0000
vn 0.0000 0.0000 -1.0000
vn 0.4853 -0.8743 -0.0000

o 交通组7号推演三维模型_58
g 交通组7号推演三维模型

usemtl fa9e728b-e874-4132-8fb8-d30c20882b79
f 703/1815/429 704/1816/429 705/1817/429 706/1818/429 
usemtl 049470ec-e77d-4e4b-aafd-0cf6f37ac47a
f 707/1819/430 708/1820/430 703/1821/430 706/1822/430 
usemtl c62f06d7-9297-4d6f-9abe-1898a6feb2ae
f 709/1823/431 704/1824/431 703/1825/431 708/1826/431 
usemtl 662741a3-d302-4076-b929-ea9078955462
f 710/1827/432 705/1828/432 704/1829/432 709/1830/432 
usemtl mtl_default
f 706/1831/433 705/1832/433 710/1833/433 707/1834/433 
usemtl b3d93a73-a8df-45e7-859b-540712324776
f 708/1835/434 707/1836/434 710/1837/434 709/1838/434 

#VSize: 16, VTSize: 40, VNSize: 9, FSize: 9
v 10.172877 11.377792 -0.029177
v 10.120640 11.419449 -0.029177
v 10.054511 11.411919 -0.029177
v 10.013055 11.359850 -0.029177
v 10.020533 11.293714 -0.029177
v 10.072569 11.252217 -0.029177
v 10.138710 11.259642 -0.029177
v 10.180249 11.311645 -0.029177
v 10.020533 11.293714 -0.117382
v 10.072569 11.252217 -0.117382
v 10.138710 11.259642 -0.117382
v 10.180249 11.311645 -0.117382
v 10.172877 11.377792 -0.117382
v 10.120640 11.419449 -0.117382
v 10.054511 11.411919 -0.117382
v 10.013055 11.359850 -0.117382

vt 0.0000 0.0000
vt 0.0000 0.0000
vt 0.0000 0.0000
vt 0.0000 0.0000
vt 0.0000 0.0000
vt 0.0000 0.0000
vt 0.0000 0.0000
vt 0.0000 0.0000
vt 0.3546 1.0000
vt 0.7506 1.0000
vt 0.7506 0.0000
vt 0.3546 0.0000
vt 0.3547 1.0000
vt 0.7508 1.0000
vt 0.7508 0.0000
vt 0.3547 0.0000
vt 0.3536 1.0000
vt 0.7511 1.0000
vt 0.7511 0.0000
vt 0.3536 0.0000
vt 0.7503 1.0000
vt 1.0000 1.0000
vt 1.0000 0.0000
vt 0.7503 0.0000
vt 0.0435 1.0000
vt 0.3542 1.0000
vt 0.3542 0.0000
vt 0.0435 0.0000
vt 0.7508 1.0000
vt 1.0000 1.0000
vt 1.0000 0.0000
vt 0.7508 0.0000
vt 0.0436 1.0000
vt 0.3547 1.0000
vt 0.3547 0.0000
vt 0.0436 0.0000
vt 0.3542 1.0000
vt 0.7503 1.0000
vt 0.7503 0.0000
vt 0.3542 0.0000

vn 0.0000 0.0000 1.0000
vn -0.6235 -0.7818 0.0000
vn 0.7813 -0.6241 0.0000
vn 0.6235 0.7818 0.0000
vn -0.1131 0.9936 0.0000
vn -0.9937 -0.1124 0.0000
vn 0.1116 -0.9938 0.0000
vn 0.9938 0.1108 0.0000
vn -0.7823 0.6229 0.0000

o 交通组7号推演三维模型_59
g 交通组7号推演三维模型

usemtl mtl_default
f 711/1839/435 712/1840/435 713/1841/435 714/1842/435 715/1843/435 716/1844/435 717/1845/435 718/1846/435 
usemtl 51d7f373-de3f-4157-8e4b-7e535d3a59a8
f 716/1847/436 715/1848/436 719/1849/436 720/1850/436 
f 718/1851/437 717/1852/437 721/1853/437 722/1854/437 
f 712/1855/438 711/1856/438 723/1857/438 724/1858/438 
f 713/1859/439 712/1860/439 724/1861/439 725/1862/439 
f 715/1863/440 714/1864/440 726/1865/440 719/1866/440 
f 717/1867/441 716/1868/441 720/1869/441 721/1870/441 
f 711/1871/442 718/1872/442 722/1873/442 723/1874/442 
f 714/1875/443 713/1876/443 725/1877/443 726/1878/443 

#VSize: 16, VTSize: 40, VNSize: 9, FSize: 9
v 17.284451 3.382519 -0.029177
v 17.336556 3.341107 -0.029177
v 17.402685 3.348641 -0.029177
v 17.444138 3.400712 -0.029177
v 17.436657 3.466847 -0.029177
v 17.384619 3.508342 -0.029177
v 17.318477 3.500913 -0.029177
v 17.276941 3.448908 -0.029177
v 17.444138 3.400712 -0.117382
v 17.436657 3.466847 -0.117382
v 17.336556 3.341107 -0.117382
v 17.402685 3.348641 -0.117382
v 17.276941 3.448908 -0.117382
v 17.284451 3.382519 -0.117382
v 17.318477 3.500913 -0.117382
v 17.384619 3.508342 -0.117382

vt 0.0000 0.0000
vt 0.0000 0.0000
vt 0.0000 0.0000
vt 0.0000 0.0000
vt 0.0000 0.0000
vt 0.0000 0.0000
vt 0.0000 0.0000
vt 0.0000 0.0000
vt 0.3559 1.0000
vt 0.3559 0.0000
vt 0.0447 0.0000
vt 0.0447 1.0000
vt 1.0000 1.0000
vt 1.0000 0.0000
vt 0.7515 0.0000
vt 0.7515 1.0000
vt 0.3565 1.0000
vt 0.3565 0.0000
vt 0.0440 0.0000
vt 0.0440 1.0000
vt 0.7520 1.0000
vt 0.7520 0.0000
vt 0.3565 0.0000
vt 0.3565 1.0000
vt 0.7518 1.0000
vt 0.7518 0.0000
vt 0.3563 0.0000
vt 0.3563 1.0000
vt 0.7515 1.0000
vt 0.7515 0.0000
vt 0.3559 0.0000
vt 0.3559 1.0000
vt 0.7509 1.0000
vt 0.7509 0.0000
vt 0.3553 0.0000
vt 0.3553 1.0000
vt 1.0000 1.0000
vt 1.0000 0.0000
vt 0.7520 0.0000
vt 0.7520 1.0000

vn 0.0000 0.0000 1.0000
vn 0.9937 0.1124 0.0000
vn 0.1132 -0.9936 0.0000
vn -0.9937 -0.1124 0.0000
vn -0.7814 0.6241 0.0000
vn 0.6235 0.7819 0.0000
vn 0.7824 -0.6228 0.0000
vn -0.6222 -0.7829 0.0000
vn -0.1116 0.9938 0.0000

o 交通组7号推演三维模型_60
g 交通组7号推演三维模型

usemtl mtl_default
f 727/1879/444 728/1880/444 729/1881/444 730/1882/444 731/1883/444 732/1884/444 733/1885/444 734/1886/444 
usemtl b8e02c5d-1f19-437f-a102-4402567d5c44
f 730/1887/445 735/1888/445 736/1889/445 731/1890/445 
f 728/1891/446 737/1892/446 738/1893/446 729/1894/446 
f 734/1895/447 739/1896/447 740/1897/447 727/1898/447 
f 733/1899/448 741/1900/448 739/1901/448 734/1902/448 
f 731/1903/449 736/1904/449 742/1905/449 732/1906/449 
f 729/1907/450 738/1908/450 735/1909/450 730/1910/450 
f 727/1911/451 740/1912/451 737/1913/451 728/1914/451 
f 732/1915/452 742/1916/452 741/1917/452 733/1918/452 

#VSize: 12, VTSize: 30, VNSize: 7, FSize: 7
v 29.266568 9.823804 -1.379750
v 7.809413 -2.039575 -1.379750
v 7.809413 -2.039575 -1.666296
v 18.537999 3.892119 -1.666296
v 29.266568 9.823804 -1.666296
v 6.996180 -0.568686 -1.379750
v 28.453332 11.294695 -1.379750
v 28.453332 11.294695 -1.666296
v 17.724763 5.363008 -1.666296
v 24.883837 17.750829 -1.666296
v 3.426648 5.887544 -1.666296
v 6.996180 -0.568686 -1.666296

vt 1.0000 1.0000
vt 0.0000 1.0000
vt 0.0000 0.0000
vt 0.5000 0.0000
vt 1.0000 0.0000
vt 0.0000 1.0000
vt 0.0000 0.0000
vt 1.0000 0.0000
vt 1.0000 1.0000
vt 1.0000 1.0000
vt 0.0000 1.0000
vt 0.0000 0.0000
vt 0.5000 0.0000
vt 1.0000 0.0000
vt 0.0000 1.0000
vt 0.0000 0.0000
vt 1.0000 0.0000
vt 1.0000 1.0000
vt 0.3609 0.0867
vt 0.6277 0.0905
vt 0.6168 0.9303
vt 0.3501 0.9265
vt 0.0000 0.0000
vt 0.0000 0.0000
vt 0.0000 0.0000
vt 0.0000 0.0000
vt 0.1491 0.0826
vt 0.8785 0.0613
vt 0.8591 0.9784
vt 0.1297 0.9996

vn 0.4839 -0.8751 0.0000
vn -0.8751 -0.4839 0.0000
vn -0.4839 0.8751 -0.0000
vn 0.8751 0.4839 0.0000
vn 0.0000 0.0000 1.0000
vn 0.0000 0.0000 -1.0000
vn 0.0000 0.0000 1.0000

o 交通组7号推演三维模型_61
g 交通组7号推演三维模型

usemtl b366ef4f-08a8-4d52-92ba-b0a660ac7d2f
f 743/1919/453 744/1920/453 745/1921/453 746/1922/453 747/1923/453 
usemtl d5c78db0-1901-4635-a4f6-3eedaee8c2b7
f 748/1924/454 754/1925/454 745/1926/454 744/1927/454 
usemtl 31ac4abc-5206-44b7-bb26-e6c81a9842af
f 748/1928/455 749/1929/455 750/1930/455 751/1931/455 754/1932/455 
usemtl c8b6b3e9-10d6-481c-ab34-2816d0fcf0ed
f 743/1933/456 747/1934/456 750/1935/456 749/1936/456 
usemtl 584432ec-7a21-4d7c-95b3-34e930f82ed1
f 748/1937/457 744/1938/457 743/1939/457 749/1940/457 
usemtl mtl_default
f 754/1941/458 751/1942/458 746/1943/458 745/1944/458 
usemtl d1768fad-15d7-4b18-a361-ec185126f6f0
f 750/1945/459 752/1946/459 753/1947/459 754/1948/459 

#VSize: 8, VTSize: 24, VNSize: 6, FSize: 6
v 23.925936 6.882862 -0.117382
v 23.925936 6.882862 -1.379751
v 24.152704 7.007779 -1.379751
v 24.152704 7.007779 -0.117382
v 23.804552 7.103215 -1.379751
v 23.804552 7.103216 -0.117382
v 24.031320 7.228132 -0.117382
v 24.031320 7.228132 -1.379751

vt 1.0000 1.0000
vt 1.0000 0.0000
vt 0.0000 0.0000
vt 0.0000 1.0000
vt 1.0000 0.0000
vt 0.0000 0.0000
vt 0.0000 1.0000
vt 1.0000 1.0000
vt 0.0000 0.6383
vt 0.6514 1.0000
vt 1.0000 0.3617
vt 0.3486 0.0000
vt 0.0000 0.0000
vt 0.0000 0.0000
vt 0.0000 0.0000
vt 0.0000 0.0000
vt 0.0000 0.0000
vt 0.0000 0.0000
vt 0.0000 0.0000
vt 0.0000 0.0000
vt 0.0000 1.0000
vt 1.0000 1.0000
vt 1.0000 0.0000
vt 0.0000 0.0000

vn 0.4825 -0.8759 0.0000
vn -0.8759 -0.4825 0.0000
vn 0.0000 0.0000 1.0000
vn 0.8759 0.4825 0.0000
vn 0.0000 0.0000 -1.0000
vn -0.4825 0.8759 -0.0000

o 交通组7号推演三维模型_62
g 交通组7号推演三维模型

usemtl 3b92234a-972c-4365-9291-1afdd94c635a
f 755/1949/460 756/1950/460 757/1951/460 758/1952/460 
usemtl a3121e47-7567-40b1-9e71-68a89b10728e
f 759/1953/461 756/1954/461 755/1955/461 760/1956/461 
usemtl 681213e5-dfe8-48e3-b6b3-618be78c8dd7
f 761/1957/462 760/1958/462 755/1959/462 758/1960/462 
usemtl mtl_default
f 762/1961/463 761/1962/463 758/1963/463 757/1964/463 
f 756/1965/464 759/1966/464 762/1967/464 757/1968/464 
usemtl bdb4ef7b-c643-488a-804a-f5d7d0b87883
f 760/1969/465 761/1970/465 762/1971/465 759/1972/465 

#VSize: 8, VTSize: 24, VNSize: 6, FSize: 6
v -0.027287 5.899441 -0.985674
v 0.255092 5.386674 -0.985674
v 0.731001 5.648754 -0.985674
v 0.448622 6.161522 -0.985674
v -0.027287 5.899441 -1.666296
v 0.255092 5.386674 -1.666296
v 0.731001 5.648754 -1.666296
v 0.448622 6.161522 -1.666296

vt 0.0000 0.6618
vt 0.3724 0.0000
vt 1.0000 0.3382
vt 0.6276 1.0000
vt 0.0000 1.0000
vt 0.0000 0.0000
vt 0.3724 0.0000
vt 0.3724 1.0000
vt 0.3724 1.0000
vt 0.3724 0.0000
vt 1.0000 0.0000
vt 1.0000 1.0000
vt 0.3724 1.0000
vt 0.3724 0.0000
vt 1.0000 0.0000
vt 1.0000 1.0000
vt 0.0000 1.0000
vt 0.0000 0.0000
vt 0.3724 0.0000
vt 0.3724 1.0000
vt 0.3724 1.0000
vt 0.0000 0.3382
vt 0.6276 0.0000
vt 1.0000 0.6618

vn 0.0000 0.0000 1.0000
vn -0.8760 -0.4824 0.0000
vn 0.4824 -0.8760 0.0000
vn -0.4824 0.8760 0.0000
vn 0.8760 0.4824 0.0000
vn 0.0000 0.0000 -1.0000

o 交通组7号推演三维模型_63
g 交通组7号推演三维模型

usemtl 60d0de0c-11dd-4b3f-b14a-c2819cbe31f9
f 763/1973/466 764/1974/466 765/1975/466 766/1976/466 
f 763/1977/467 767/1978/467 768/1979/467 764/1980/467 
f 764/1981/468 768/1982/468 769/1983/468 765/1984/468 
f 766/1985/469 770/1986/469 767/1987/469 763/1988/469 
f 765/1989/470 769/1990/470 770/1991/470 766/1992/470 
usemtl 3b14ff65-9eca-432b-a9d6-b17e3ec58dc4
f 770/1993/471 769/1994/471 768/1995/471 767/1996/471 

#VSize: 12, VTSize: 36, VNSize: 9, FSize: 9
v 26.497066 8.506704 -0.117382
v 27.722219 9.181388 -0.117382
v 27.722219 9.181388 -1.379750
v 26.497066 8.506704 -1.379750
v 27.776731 9.082401 -0.117382
v 26.551576 8.407719 -0.117382
v 26.551576 8.407719 -1.379750
v 27.776729 9.082402 -1.379750
v 27.749475 9.131897 -1.379751
v 26.524320 8.457212 -1.379751
v 27.749475 9.131897 -0.117382
v 26.524320 8.457212 -0.117382

vt 1.0000 1.0000
vt 0.5000 1.0000
vt 0.5000 0.0000
vt 1.0000 0.0000
vt 0.5000 1.0000
vt 0.0000 1.0000
vt 0.0000 0.0000
vt 0.5000 0.0000
vt 0.0000 0.0000
vt 0.0000 0.0000
vt 0.0000 0.0000
vt 0.0000 0.0000
vt 0.0000 0.0000
vt 0.0000 0.0000
vt 0.0000 0.0000
vt 0.0000 0.0000
vt 0.0000 0.0000
vt 0.0000 0.0000
vt 0.0000 0.0000
vt 0.0000 0.0000
vt 0.0000 0.0000
vt 0.0000 0.0000
vt 0.0000 0.0000
vt 0.0000 0.0000
vt 0.5000 0.5000
vt 0.5109 0.4658
vt 1.0000 0.9317
vt 0.9891 0.9658
vt 0.5000 0.5000
vt 0.9891 0.9658
vt 0.9782 1.0000
vt 0.4891 0.5342
vt 0.0000 0.0000
vt 0.0000 0.0000
vt 0.0000 0.0000
vt 0.0000 0.0000

vn -0.4824 0.8760 0.0000
vn 0.4824 -0.8760 -0.0000
vn -0.0000 0.0000 -1.0000
vn 0.8759 0.4824 0.0000
vn 0.0000 -0.0000 -1.0000
vn -0.4824 0.8760 0.0000
vn 0.0000 0.0000 1.0000
vn 0.0000 0.0000 1.0000
vn 0.8760 0.4824 -0.0000

o 交通组7号推演三维模型_64
g 交通组7号推演三维模型

usemtl ce26b266-2f57-41ff-8235-768896f168d1
f 771/1997/472 772/1998/472 773/1999/472 774/2000/472 
usemtl f0e22b69-69ed-456d-902f-0580a5c73742
f 775/2001/473 776/2002/473 777/2003/473 778/2004/473 
usemtl mtl_default
f 773/2005/474 779/2006/474 780/2007/474 774/2008/474 
f 772/2009/475 781/2010/475 779/2011/475 773/2012/475 
f 778/2013/476 777/2014/476 780/2015/476 779/2016/476 
f 781/2017/477 779/2018/477 780/2019/477 782/2020/477 
usemtl fe719946-2d97-46fe-8c0d-50e19515b4e3
f 781/2021/478 772/2022/478 771/2023/478 782/2024/478 
f 781/2025/479 782/2026/479 776/2027/479 775/2028/479 
usemtl mtl_default
f 781/2029/480 775/2030/480 778/2031/480 779/2032/480 

#VSize: 8, VTSize: 24, VNSize: 6, FSize: 6
v 7.954063 10.299335 -0.117382
v 7.954063 10.299335 -1.379751
v 7.727295 10.174419 -1.379751
v 7.727295 10.174419 -0.117382
v 8.075445 10.078982 -1.379751
v 8.075446 10.078982 -0.117382
v 7.848678 9.954065 -0.117382
v 7.848678 9.954066 -1.379751

vt 1.0000 1.0000
vt 1.0000 0.0000
vt 0.0000 0.0000
vt 0.0000 1.0000
vt 1.0000 0.0000
vt 0.0000 0.0000
vt 0.0000 1.0000
vt 1.0000 1.0000
vt 0.0000 0.6383
vt 0.6514 1.0000
vt 1.0000 0.3617
vt 0.3486 0.0000
vt 0.0000 0.0000
vt 0.0000 0.0000
vt 0.0000 0.0000
vt 0.0000 0.0000
vt 0.0000 0.0000
vt 0.0000 0.0000
vt 0.0000 0.0000
vt 0.0000 0.0000
vt 0.0000 1.0000
vt 1.0000 1.0000
vt 1.0000 0.0000
vt 0.0000 0.0000

vn -0.4825 0.8759 0.0000
vn 0.8759 0.4825 -0.0000
vn 0.0000 0.0000 1.0000
vn -0.8759 -0.4825 -0.0000
vn 0.0000 0.0000 -1.0000
vn 0.4825 -0.8759 -0.0000

o 交通组7号推演三维模型_65
g 交通组7号推演三维模型

usemtl 3b92234a-972c-4365-9291-1afdd94c635a
f 783/2033/481 784/2034/481 785/2035/481 786/2036/481 
usemtl a3121e47-7567-40b1-9e71-68a89b10728e
f 787/2037/482 784/2038/482 783/2039/482 788/2040/482 
usemtl 681213e5-dfe8-48e3-b6b3-618be78c8dd7
f 789/2041/483 788/2042/483 783/2043/483 786/2044/483 
usemtl mtl_default
f 790/2045/484 789/2046/484 786/2047/484 785/2048/484 
f 784/2049/485 787/2050/485 790/2051/485 785/2052/485 
usemtl bdb4ef7b-c643-488a-804a-f5d7d0b87883
f 788/2053/486 789/2054/486 790/2055/486 787/2056/486 

#VSize: 8, VTSize: 16, VNSize: 4, FSize: 4
v 14.459009 11.269794 -1.666296
v 13.341973 13.290070 -1.666296
v 13.867797 12.339009 -2.654376
v 14.984834 10.318735 -2.654376
v 23.038822 14.771590 -2.654376
v 22.512996 15.722650 -1.666296
v 21.921819 16.791914 -2.654376
v 21.395994 17.742974 -1.666296

vt 0.0000 0.0000
vt 0.0000 0.0000
vt 0.0000 0.0000
vt 0.0000 0.0000
vt 0.0000 0.0000
vt 0.0000 0.0000
vt 0.0000 0.0000
vt 0.0000 0.0000
vt 0.4537 0.3749
vt 0.5167 0.5450
vt 0.0629 0.9199
vt 0.0000 0.7498
vt 0.5167 0.5450
vt 0.5463 0.6251
vt 0.0925 1.0000
vt 0.0629 0.9199

vn -0.8751 -0.4839 0.0000
vn 0.3255 -0.5887 0.7399
vn 0.0000 0.0000 -1.0000
vn -0.3255 0.5887 -0.7399

o 交通组7号推演三维模型_66
g 交通组7号推演三维模型

usemtl mtl_default
f 791/2057/487 792/2058/487 793/2059/487 794/2060/487 
f 791/2061/488 794/2062/488 795/2063/488 796/2064/488 
usemtl 0566c7fd-90ef-4f69-bad0-d3b95f408f4a
f 794/2065/489 793/2066/489 797/2067/489 795/2068/489 
f 793/2069/490 792/2070/490 798/2071/490 797/2072/490 

#VSize: 16, VTSize: 40, VNSize: 9, FSize: 9
v 7.942118 -1.822059 -0.029177
v 7.889748 -1.780571 -0.029177
v 7.823643 -1.788315 -0.029177
v 7.782355 -1.840518 -0.029177
v 7.790047 -1.906629 -0.029177
v 7.842217 -1.947958 -0.029177
v 7.908333 -1.940318 -0.029177
v 7.949704 -1.888182 -0.029177
v 7.790047 -1.906629 -0.117382
v 7.842217 -1.947958 -0.117382
v 7.908333 -1.940318 -0.117382
v 7.949704 -1.888182 -0.117382
v 7.942118 -1.822059 -0.117382
v 7.889748 -1.780571 -0.117382
v 7.823643 -1.788315 -0.117382
v 7.782355 -1.840518 -0.117382

vt 0.0000 0.0000
vt 0.0000 0.0000
vt 0.0000 0.0000
vt 0.0000 0.0000
vt 0.0000 0.0000
vt 0.0000 0.0000
vt 0.0000 0.0000
vt 0.0000 0.0000
vt 0.3546 1.0000
vt 0.7506 1.0000
vt 0.7506 0.0000
vt 0.3546 0.0000
vt 0.3547 1.0000
vt 0.7508 1.0000
vt 0.7508 0.0000
vt 0.3547 0.0000
vt 0.3536 1.0000
vt 0.7511 1.0000
vt 0.7511 0.0000
vt 0.3536 0.0000
vt 0.7503 1.0000
vt 1.0000 1.0000
vt 1.0000 0.0000
vt 0.7503 0.0000
vt 0.0435 1.0000
vt 0.3542 1.0000
vt 0.3542 0.0000
vt 0.0435 0.0000
vt 0.7508 1.0000
vt 1.0000 1.0000
vt 1.0000 0.0000
vt 0.7508 0.0000
vt 0.0436 1.0000
vt 0.3547 1.0000
vt 0.3547 0.0000
vt 0.0436 0.0000
vt 0.3542 1.0000
vt 0.7503 1.0000
vt 0.7503 0.0000
vt 0.3542 0.0000

vn 0.0000 0.0000 1.0000
vn -0.6210 -0.7838 0.0000
vn 0.7833 -0.6216 0.0000
vn 0.6210 0.7838 0.0000
vn -0.1163 0.9932 0.0000
vn -0.9933 -0.1156 0.0000
vn 0.1148 -0.9934 0.0000
vn 0.9935 0.1140 0.0000
vn -0.7843 0.6203 0.0000

o 交通组7号推演三维模型_67
g 交通组7号推演三维模型

usemtl mtl_default
f 799/2073/491 800/2074/491 801/2075/491 802/2076/491 803/2077/491 804/2078/491 805/2079/491 806/2080/491 
usemtl 13ed4d28-8096-4526-b589-a242c84f9276
f 804/2081/492 803/2082/492 807/2083/492 808/2084/492 
f 806/2085/493 805/2086/493 809/2087/493 810/2088/493 
f 800/2089/494 799/2090/494 811/2091/494 812/2092/494 
f 801/2093/495 800/2094/495 812/2095/495 813/2096/495 
f 803/2097/496 802/2098/496 814/2099/496 807/2100/496 
f 805/2101/497 804/2102/497 808/2103/497 809/2104/497 
f 799/2105/498 806/2106/498 810/2107/498 811/2108/498 
f 802/2109/499 801/2110/499 813/2111/499 814/2112/499 

#VSize: 8, VTSize: 24, VNSize: 6, FSize: 6
v 10.363945 -0.333888 -0.117382
v 10.590307 -0.208238 -0.117382
v 10.590307 -0.208238 -1.379751
v 10.363945 -0.333888 -1.379751
v 10.486040 -0.553847 -1.379751
v 10.486040 -0.553847 -0.117382
v 10.712403 -0.428198 -0.117382
v 10.712403 -0.428198 -1.379751

vt 0.0000 1.0000
vt 1.0000 1.0000
vt 1.0000 0.0000
vt 0.0000 0.0000
vt 0.0000 0.0000
vt 0.0000 1.0000
vt 1.0000 1.0000
vt 1.0000 0.0000
vt 0.6514 1.0000
vt 1.0000 0.3617
vt 0.3486 0.0000
vt 0.0000 0.6383
vt 0.0000 0.0000
vt 0.0000 0.0000
vt 0.0000 0.0000
vt 0.0000 0.0000
vt 0.0000 0.0000
vt 0.0000 0.0000
vt 0.0000 0.0000
vt 0.0000 0.0000
vt 1.0000 1.0000
vt 1.0000 0.0000
vt 0.0000 0.0000
vt 0.0000 1.0000

vn -0.4853 0.8743 0.0000
vn -0.8743 -0.4853 0.0000
vn 0.0000 0.0000 1.0000
vn 0.8743 0.4853 0.0000
vn 0.0000 0.0000 -1.0000
vn 0.4853 -0.8743 0.0000

o 交通组7号推演三维模型_68
g 交通组7号推演三维模型

usemtl ad3359a5-b75d-412d-b071-2e8911545ae0
f 815/2113/500 816/2114/500 817/2115/500 818/2116/500 
usemtl 82ca7ead-a941-49a5-b796-1d118860fc82
f 819/2117/501 820/2118/501 815/2119/501 818/2120/501 
usemtl b26861b9-cbc6-445e-819d-bc6d52998630
f 821/2121/502 816/2122/502 815/2123/502 820/2124/502 
usemtl mtl_default
f 822/2125/503 817/2126/503 816/2127/503 821/2128/503 
f 818/2129/504 817/2130/504 822/2131/504 819/2132/504 
usemtl c4c528df-9c36-4c10-864d-0632e5fee3dd
f 820/2133/505 819/2134/505 822/2135/505 821/2136/505 

#VSize: 8, VTSize: 16, VNSize: 4, FSize: 4
v 2.613420 7.358400 -1.666296
v 4.235254 8.255085 -3.506224
v 6.833234 3.556120 -3.506224
v 5.211402 2.659433 -1.666296
v 5.288033 8.837149 -3.506224
v 7.886015 4.138186 -3.506224
v 7.886014 4.138185 -1.666296
v 5.288033 8.837148 -1.666296

vt 1.0000 1.0000
vt 0.7492 0.0000
vt 0.0000 0.0000
vt 0.2508 1.0000
vt 0.6197 0.0000
vt 0.3493 0.1451
vt 0.7296 0.8126
vt 1.0000 0.6676
vt 0.0000 1.0000
vt 1.0000 1.0000
vt 1.0000 0.0000
vt 0.6064 0.0000
vt 0.0000 1.0000
vt 1.0000 1.0000
vt 1.0000 0.0000
vt 0.0000 0.0000

vn -0.6166 -0.3409 -0.7096
vn 0.0000 0.0000 -1.0000
vn -0.4839 0.8751 0.0000
vn 0.8751 0.4839 0.0000

o 交通组7号推演三维模型_69
g 交通组7号推演三维模型

usemtl 55c2c3e4-f984-4125-b108-a6c4b70ac042
f 823/2137/506 824/2138/506 825/2139/506 826/2140/506 
usemtl 3f4beae3-002a-401e-8820-640b497fbb6e
f 824/2141/507 827/2142/507 828/2143/507 825/2144/507 
usemtl 98f86c66-68fa-4dd3-a01b-009e688e8cd8
f 823/2145/508 830/2146/508 827/2147/508 824/2148/508 
usemtl 2fe7c338-1425-473c-bedc-4d1b5e9b17c1
f 830/2149/509 829/2150/509 828/2151/509 827/2152/509 

#VSize: 18, VTSize: 44, VNSize: 10, FSize: 10
v 0.387373 5.916296 3.646106
v 0.276472 5.899790 3.646106
v 0.209688 5.809727 3.646106
v 0.226104 5.698813 3.646106
v 0.316115 5.631957 3.646106
v 0.427042 5.648286 3.646106
v 0.493969 5.738243 3.646106
v 0.477729 5.849183 3.646106
v 0.226104 5.698813 -0.985674
v 0.316115 5.631957 -0.985674
v 0.276472 5.899790 -0.985674
v 0.209688 5.809727 -0.985674
v 0.477729 5.849183 -0.985674
v 0.387373 5.916296 -0.985674
v 0.493969 5.738243 -0.985674
v 0.427042 5.648286 -0.985674
v 0.826221 5.762017 3.646106
v 0.775854 5.561040 3.646106

vt 0.6250 1.0000
vt 0.2349 0.9420
vt 0.0000 0.6252
vt 0.0577 0.2351
vt 0.3744 0.0000
vt 0.7646 0.0574
vt 1.0000 0.3738
vt 0.9429 0.7640
vt 0.0577 1.0000
vt 0.0577 0.0000
vt 0.3744 0.0000
vt 0.3744 1.0000
vt 0.7651 1.0000
vt 0.7651 0.0000
vt 1.0000 0.0000
vt 1.0000 1.0000
vt 0.0571 1.0000
vt 0.0571 0.0000
vt 0.3750 0.0000
vt 0.3750 1.0000
vt 0.3738 1.0000
vt 0.3738 0.0000
vt 0.7640 0.0000
vt 0.7640 1.0000
vt 0.3744 1.0000
vt 0.3744 0.0000
vt 0.7646 0.0000
vt 0.7646 1.0000
vt 0.3748 1.0000
vt 0.3748 0.0000
vt 0.7649 0.0000
vt 0.7649 1.0000
vt 0.3750 1.0000
vt 0.3750 0.0000
vt 0.7651 0.0000
vt 0.7651 1.0000
vt 0.0000 0.0000
vt 0.0000 0.0000
vt 0.0000 0.0000
vt 0.0000 0.0000
vt 0.9161 1.0000
vt 0.0000 0.5933
vt 0.0839 0.0000
vt 1.0000 0.4067

vn 0.0000 0.0000 1.0000
vn -0.5963 -0.8028 0.0000
vn -0.8033 0.5956 0.0000
vn 0.5963 0.8028 0.0000
vn 0.9895 0.1448 0.0000
vn 0.1456 -0.9893 0.0000
vn -0.9892 -0.1464 0.0000
vn -0.1472 0.9891 0.0000
vn 0.8023 -0.5969 0.0000
vn 0.0000 0.0000 -1.0000

o 交通组7号推演三维模型_70
g 交通组7号推演三维模型

usemtl 4898e66b-6dfb-43f6-b102-b3c2fc23d470
f 831/2153/510 832/2154/510 833/2155/510 834/2156/510 835/2157/510 836/2158/510 837/2159/510 838/2160/510 
usemtl 45bda5c0-54a4-4c87-af6b-d2bb25c61749
f 834/2161/511 839/2162/511 840/2163/511 835/2164/511 
f 832/2165/512 841/2166/512 842/2167/512 833/2168/512 
f 838/2169/513 843/2170/513 844/2171/513 831/2172/513 
f 837/2173/514 845/2174/514 843/2175/514 838/2176/514 
f 835/2177/515 840/2178/515 846/2179/515 836/2180/515 
f 833/2181/516 842/2182/516 839/2183/516 834/2184/516 
f 831/2185/517 844/2186/517 841/2187/517 832/2188/517 
usemtl mtl_default
f 836/2189/518 846/2190/518 845/2191/518 837/2192/518 
usemtl 6c4dbe3b-4cd7-4b78-8fb8-f74f855220ac
f 832/2193/519 847/2194/519 848/2195/519 834/2196/519 

#VSize: 12, VTSize: 36, VNSize: 9, FSize: 9
v 2.932623 7.326127 -0.117382
v 2.932623 7.326127 -1.379750
v 4.157776 8.000813 -1.379750
v 4.157776 8.000813 -0.117382
v 4.103265 8.099799 -0.117382
v 4.103265 8.099799 -1.379750
v 2.878112 7.425112 -1.379750
v 2.878112 7.425112 -0.117382
v 2.905368 7.375619 -1.379751
v 4.130521 8.050306 -1.379751
v 4.130521 8.050306 -0.117382
v 2.905368 7.375619 -0.117382

vt 0.0000 1.0000
vt 0.0000 0.0000
vt 0.5000 0.0000
vt 0.5000 1.0000
vt 0.5000 1.0000
vt 0.5000 0.0000
vt 1.0000 0.0000
vt 1.0000 1.0000
vt 0.0000 0.0000
vt 0.0000 0.0000
vt 0.0000 0.0000
vt 0.0000 0.0000
vt 0.0000 0.0000
vt 0.0000 0.0000
vt 0.0000 0.0000
vt 0.0000 0.0000
vt 0.0000 0.0000
vt 0.0000 0.0000
vt 0.0000 0.0000
vt 0.0000 0.0000
vt 0.0000 0.0000
vt 0.0000 0.0000
vt 0.0000 0.0000
vt 0.0000 0.0000
vt 0.5000 0.5000
vt 0.0109 0.0342
vt 0.0218 0.0000
vt 0.5109 0.4658
vt 0.5000 0.5000
vt 0.4891 0.5342
vt 0.0000 0.0683
vt 0.0109 0.0342
vt 0.0000 0.0000
vt 0.0000 0.0000
vt 0.0000 0.0000
vt 0.0000 0.0000

vn 0.4824 -0.8760 0.0000
vn -0.4824 0.8760 0.0000
vn 0.0000 -0.0000 -1.0000
vn 0.8760 0.4824 0.0000
vn -0.0000 0.0000 -1.0000
vn 0.4824 -0.8760 0.0000
vn 0.0000 0.0000 1.0000
vn 0.0000 0.0000 1.0000
vn 0.8760 0.4824 0.0000

o 交通组7号推演三维模型_71
g 交通组7号推演三维模型

usemtl ce26b266-2f57-41ff-8235-768896f168d1
f 849/2197/520 850/2198/520 851/2199/520 852/2200/520 
usemtl f0e22b69-69ed-456d-902f-0580a5c73742
f 853/2201/521 854/2202/521 855/2203/521 856/2204/521 
usemtl mtl_default
f 851/2205/522 850/2206/522 857/2207/522 858/2208/522 
f 852/2209/523 851/2210/523 858/2211/523 859/2212/523 
f 854/2213/524 858/2214/524 857/2215/524 855/2216/524 
f 859/2217/525 860/2218/525 857/2219/525 858/2220/525 
usemtl fe719946-2d97-46fe-8c0d-50e19515b4e3
f 859/2221/526 860/2222/526 849/2223/526 852/2224/526 
f 859/2225/527 853/2226/527 856/2227/527 860/2228/527 
usemtl mtl_default
f 859/2229/528 858/2230/528 854/2231/528 853/2232/528 

#VSize: 16, VTSize: 40, VNSize: 9, FSize: 9
v 26.123468 8.380063 0.215752
v 26.063350 8.304860 0.215752
v 26.073980 8.209168 0.215752
v 26.149137 8.148991 0.215752
v 26.244837 8.159544 0.215752
v 26.305074 8.234652 0.215752
v 26.294597 8.330361 0.215752
v 26.219536 8.390658 0.215752
v 26.294597 8.330361 -0.029177
v 26.219536 8.390658 -0.029177
v 26.244837 8.159544 -0.029177
v 26.305074 8.234652 -0.029177
v 26.073980 8.209168 -0.029177
v 26.149137 8.148991 -0.029177
v 26.123468 8.380063 -0.029177
v 26.063350 8.304860 -0.029177

vt 0.7513 0.0438
vt 1.0000 0.3550
vt 0.9560 0.7510
vt 0.6451 1.0000
vt 0.2492 0.9563
vt 0.0000 0.6455
vt 0.0433 0.2495
vt 0.3539 0.0000
vt 0.0433 1.0000
vt 0.0433 0.0000
vt 0.3539 0.0000
vt 0.3539 1.0000
vt 0.7508 1.0000
vt 0.7508 0.0000
vt 1.0000 0.0000
vt 1.0000 1.0000
vt 0.0440 1.0000
vt 0.0440 0.0000
vt 0.3549 0.0000
vt 0.3549 1.0000
vt 0.7513 1.0000
vt 0.7513 0.0000
vt 1.0000 0.0000
vt 1.0000 1.0000
vt 0.3545 1.0000
vt 0.3545 0.0000
vt 0.7505 0.0000
vt 0.7505 1.0000
vt 0.3549 1.0000
vt 0.3549 0.0000
vt 0.7508 0.0000
vt 0.7508 1.0000
vt 0.3550 1.0000
vt 0.3550 0.0000
vt 0.7510 0.0000
vt 0.7510 1.0000
vt 0.3539 1.0000
vt 0.3539 0.0000
vt 0.7513 0.0000
vt 0.7513 1.0000

vn 0.0000 0.0000 1.0000
vn 0.6263 0.7796 0.0000
vn 0.7801 -0.6256 0.0000
vn -0.6250 -0.7806 0.0000
vn -0.7811 0.6244 0.0000
vn 0.9941 0.1088 0.0000
vn 0.1096 -0.9940 0.0000
vn -0.9939 -0.1104 0.0000
vn -0.1096 0.9940 0.0000

o 交通组7号推演三维模型_72
g 交通组7号推演三维模型

usemtl 58e2627b-8901-457b-8afb-e4e3c1aa69dc
f 861/2233/529 862/2234/529 863/2235/529 864/2236/529 865/2237/529 866/2238/529 867/2239/529 868/2240/529 
usemtl ab0ec295-96e8-4fbf-9a4d-d77f4e535cb0
f 867/2241/530 869/2242/530 870/2243/530 868/2244/530 
f 865/2245/531 871/2246/531 872/2247/531 866/2248/531 
f 863/2249/532 873/2250/532 874/2251/532 864/2252/532 
f 861/2253/533 875/2254/533 876/2255/533 862/2256/533 
f 866/2257/534 872/2258/534 869/2259/534 867/2260/534 
f 864/2261/535 874/2262/535 871/2263/535 865/2264/535 
f 862/2265/536 876/2266/536 873/2267/536 863/2268/536 
f 868/2269/537 870/2270/537 875/2271/537 861/2272/537 

#VSize: 16, VTSize: 40, VNSize: 9, FSize: 9
v 12.523619 7.590067 -3.506224
v 11.609232 7.488185 -3.506224
v 10.894058 8.061367 -3.506224
v 10.793292 8.972332 -3.506224
v 11.365904 9.687961 -3.506224
v 12.276788 9.789453 -3.506224
v 12.992874 9.217412 -3.506224
v 13.095091 8.306608 -3.506224
v 12.992874 9.217412 -2.654376
v 13.095091 8.306608 -2.654376
v 12.523619 7.590067 -2.654376
v 11.609232 7.488185 -2.654376
v 10.894058 8.061367 -2.654376
v 10.793292 8.972332 -2.654376
v 11.365904 9.687961 -2.654376
v 12.276788 9.789453 -2.654376

vt 0.7517 0.9557
vt 0.3545 1.0000
vt 0.0438 0.7509
vt 0.0000 0.3551
vt 0.2488 0.0441
vt 0.6445 0.0000
vt 0.9556 0.2486
vt 1.0000 0.6444
vt 0.7514 0.0000
vt 0.7514 1.0000
vt 0.3556 1.0000
vt 0.3556 0.0000
vt 0.7517 0.0000
vt 0.7517 1.0000
vt 0.3545 1.0000
vt 0.3545 0.0000
vt 0.3545 0.0000
vt 0.3545 1.0000
vt 0.0438 1.0000
vt 0.0438 0.0000
vt 1.0000 0.0000
vt 1.0000 1.0000
vt 0.7512 1.0000
vt 0.7512 0.0000
vt 0.3555 0.0000
vt 0.3555 1.0000
vt 0.0444 1.0000
vt 0.0444 0.0000
vt 1.0000 0.0000
vt 1.0000 1.0000
vt 0.7517 1.0000
vt 0.7517 0.0000
vt 0.7509 0.0000
vt 0.7509 1.0000
vt 0.3551 1.0000
vt 0.3551 0.0000
vt 0.7512 0.0000
vt 0.7512 1.0000
vt 0.3555 1.0000
vt 0.3555 0.0000

vn 0.0000 0.0000 -1.0000
vn 0.9938 0.1115 0.0000
vn 0.1107 -0.9938 0.0000
vn -0.6254 -0.7803 0.0000
vn -0.7808 0.6248 0.0000
vn 0.6241 0.7813 0.0000
vn 0.7818 -0.6235 0.0000
vn -0.9939 -0.1099 0.0000
vn -0.1107 0.9938 0.0000

o 交通组7号推演三维模型_73
g 交通组7号推演三维模型

usemtl b6757df2-67cf-47ff-a716-9ac96f08ba55
f 877/2273/538 878/2274/538 879/2275/538 880/2276/538 881/2277/538 882/2278/538 883/2279/538 884/2280/538 
f 883/2281/539 885/2282/539 886/2283/539 884/2284/539 
f 877/2285/540 887/2286/540 888/2287/540 878/2288/540 
f 878/2289/541 888/2290/541 889/2291/541 879/2292/541 
f 880/2293/542 890/2294/542 891/2295/542 881/2296/542 
f 882/2297/543 892/2298/543 885/2299/543 883/2300/543 
f 884/2301/544 886/2302/544 887/2303/544 877/2304/544 
f 879/2305/545 889/2306/545 890/2307/545 880/2308/545 
f 881/2309/546 891/2310/546 892/2311/546 882/2312/546 

#VSize: 16, VTSize: 40, VNSize: 9, FSize: 9
v 13.026840 0.856685 0.215752
v 13.086714 0.932083 0.215752
v 13.075775 1.027739 0.215752
v 13.000425 1.087674 0.215752
v 12.904760 1.076811 0.215752
v 12.844765 1.001508 0.215752
v 12.855552 0.905834 0.215752
v 12.930807 0.845780 0.215752
v 12.855552 0.905834 -0.029177
v 12.930807 0.845780 -0.029177
v 12.904760 1.076811 -0.029177
v 12.844765 1.001508 -0.029177
v 13.075775 1.027739 -0.029177
v 13.000425 1.087674 -0.029177
v 13.026840 0.856685 -0.029177
v 13.086714 0.932083 -0.029177

vt 0.7513 0.0438
vt 1.0000 0.3550
vt 0.9560 0.7510
vt 0.6451 1.0000
vt 0.2492 0.9563
vt 0.0000 0.6455
vt 0.0433 0.2495
vt 0.3539 0.0000
vt 0.0433 1.0000
vt 0.0433 0.0000
vt 0.3539 0.0000
vt 0.3539 1.0000
vt 0.7508 1.0000
vt 0.7508 0.0000
vt 1.0000 0.0000
vt 1.0000 1.0000
vt 0.0440 1.0000
vt 0.0440 0.0000
vt 0.3549 0.0000
vt 0.3549 1.0000
vt 0.7513 1.0000
vt 0.7513 0.0000
vt 1.0000 0.0000
vt 1.0000 1.0000
vt 0.3545 1.0000
vt 0.3545 0.0000
vt 0.7505 0.0000
vt 0.7505 1.0000
vt 0.3549 1.0000
vt 0.3549 0.0000
vt 0.7508 0.0000
vt 0.7508 1.0000
vt 0.3550 1.0000
vt 0.3550 0.0000
vt 0.7510 0.0000
vt 0.7510 1.0000
vt 0.3539 1.0000
vt 0.3539 0.0000
vt 0.7513 0.0000
vt 0.7513 1.0000

vn 0.0000 0.0000 1.0000
vn -0.6237 -0.7816 0.0000
vn -0.7821 0.6231 0.0000
vn 0.6225 0.7826 0.0000
vn 0.7831 -0.6219 0.0000
vn -0.9937 -0.1120 0.0000
vn -0.1128 0.9936 0.0000
vn 0.9935 0.1136 0.0000
vn 0.1128 -0.9936 0.0000

o 交通组7号推演三维模型_74
g 交通组7号推演三维模型

usemtl 58e2627b-8901-457b-8afb-e4e3c1aa69dc
f 893/2313/547 894/2314/547 895/2315/547 896/2316/547 897/2317/547 898/2318/547 899/2319/547 900/2320/547 
usemtl ab0ec295-96e8-4fbf-9a4d-d77f4e535cb0
f 899/2321/548 901/2322/548 902/2323/548 900/2324/548 
f 897/2325/549 903/2326/549 904/2327/549 898/2328/549 
f 895/2329/550 905/2330/550 906/2331/550 896/2332/550 
f 893/2333/551 907/2334/551 908/2335/551 894/2336/551 
f 898/2337/552 904/2338/552 901/2339/552 899/2340/552 
f 896/2341/553 906/2342/553 903/2343/553 897/2344/553 
f 894/2345/554 908/2346/554 905/2347/554 895/2348/554 
f 900/2349/555 902/2350/555 907/2351/555 893/2352/555 

#VSize: 16, VTSize: 40, VNSize: 9, FSize: 9
v 24.075006 18.936481 0.215752
v 24.135065 19.012207 0.215752
v 24.123914 19.107839 0.215752
v 24.048431 19.167606 0.215752
v 23.952791 19.156532 0.215752
v 23.892963 19.081097 0.215752
v 23.903961 18.985448 0.215752
v 23.979349 18.925560 0.215752
v 24.135065 19.012207 -0.029177
v 24.123914 19.107839 -0.029177
v 24.048431 19.167606 -0.029177
v 23.952791 19.156532 -0.029177
v 23.892963 19.081097 -0.029177
v 23.903961 18.985448 -0.029177
v 23.979349 18.925560 -0.029177
v 24.075006 18.936481 -0.029177

vt 0.7513 0.0438
vt 0.3539 0.0000
vt 0.0433 0.2495
vt 0.0000 0.6455
vt 0.2492 0.9563
vt 0.6451 1.0000
vt 0.9560 0.7510
vt 1.0000 0.3550
vt 0.0433 1.0000
vt 0.3539 1.0000
vt 0.3539 0.0000
vt 0.0433 0.0000
vt 0.7508 1.0000
vt 1.0000 1.0000
vt 1.0000 0.0000
vt 0.7508 0.0000
vt 0.0440 1.0000
vt 0.3549 1.0000
vt 0.3549 0.0000
vt 0.0440 0.0000
vt 0.7513 1.0000
vt 1.0000 1.0000
vt 1.0000 0.0000
vt 0.7513 0.0000
vt 0.3545 1.0000
vt 0.7505 1.0000
vt 0.7505 0.0000
vt 0.3545 0.0000
vt 0.3549 1.0000
vt 0.7508 1.0000
vt 0.7508 0.0000
vt 0.3549 0.0000
vt 0.3550 1.0000
vt 0.7510 1.0000
vt 0.7510 0.0000
vt 0.3550 0.0000
vt 0.3539 1.0000
vt 0.7513 1.0000
vt 0.7513 0.0000
vt 0.3539 0.0000

vn 0.0000 0.0000 1.0000
vn 0.9933 0.1158 0.0000
vn -0.1150 0.9934 0.0000
vn -0.9935 -0.1142 0.0000
vn 0.1134 -0.9935 0.0000
vn 0.6208 0.7840 0.0000
vn -0.7835 0.6214 0.0000
vn -0.6220 -0.7830 0.0000
vn 0.7835 -0.6214 0.0000

o 交通组7号推演三维模型_75
g 交通组7号推演三维模型

usemtl 9b8d29a1-ecd9-4cd3-929c-2d595c49020a
f 909/2353/556 910/2354/556 911/2355/556 912/2356/556 913/2357/556 914/2358/556 915/2359/556 916/2360/556 
usemtl daaf5caf-fe21-4262-9540-36897213e2b2
f 911/2361/557 910/2362/557 917/2363/557 918/2364/557 
f 913/2365/558 912/2366/558 919/2367/558 920/2368/558 
f 915/2369/559 914/2370/559 921/2371/559 922/2372/559 
f 909/2373/560 916/2374/560 923/2375/560 924/2376/560 
f 912/2377/561 911/2378/561 918/2379/561 919/2380/561 
f 914/2381/562 913/2382/562 920/2383/562 921/2384/562 
f 916/2385/563 915/2386/563 922/2387/563 923/2388/563 
f 910/2389/564 909/2390/564 924/2391/564 917/2392/564 

#VSize: 10, VTSize: 26, VNSize: 6, FSize: 6
v 11.843978 0.191127 -3.506224
v 9.246005 4.890088 -3.506225
v 9.246005 4.890088 -2.654376
v 11.843978 0.191127 -2.654376
v 7.886017 4.138175 -3.506224
v 7.886017 4.138175 -2.654376
v 9.366997 1.459532 -2.654375
v 10.483986 -0.560783 -2.654375
v 10.483986 -0.560783 -3.506223
v 9.366997 1.459532 -3.506223

vt 0.0000 0.0000
vt 0.3427 0.0000
vt 0.3427 1.0000
vt 0.0000 1.0000
vt 0.3427 1.0000
vt 0.3427 0.0000
vt 0.6573 0.0000
vt 0.6573 1.0000
vt 0.6573 0.5615
vt 0.3427 0.4385
vt 0.6853 0.0000
vt 0.6853 0.0000
vt 1.0000 0.1231
vt 0.0000 0.0000
vt 1.0000 0.0000
vt 1.0000 1.0000
vt 0.0000 1.0000
vt 0.3803 1.0000
vt 0.0000 0.3324
vt 0.3493 0.1451
vt 0.3493 0.1451
vt 0.7296 0.8126
vt 0.0000 0.0000
vt 0.0000 0.0000
vt 0.0000 0.0000
vt 0.0000 0.0000

vn 0.8751 0.4839 0.0000
vn -0.4839 0.8751 0.0000
vn 0.0000 0.0000 1.0000
vn 0.4839 -0.8752 0.0000
vn -0.0000 -0.0000 -1.0000
vn -0.8751 -0.4839 0.0000

o 交通组7号推演三维模型_76
g 交通组7号推演三维模型

usemtl 56adfe4c-f631-4f23-afad-1acd9ea81441
f 925/2393/565 926/2394/565 927/2395/565 928/2396/565 
f 927/2397/566 926/2398/566 929/2399/566 930/2400/566 
f 927/2401/567 930/2402/567 931/2403/567 932/2404/567 928/2405/567 
f 933/2406/568 925/2407/568 928/2408/568 932/2409/568 
f 926/2410/569 925/2411/569 933/2412/569 934/2413/569 929/2414/569 
usemtl mtl_default
f 932/2415/570 931/2416/570 934/2417/570 933/2418/570 

#VSize: 8, VTSize: 24, VNSize: 6, FSize: 6
v 26.010076 8.317620 -0.117382
v 26.236860 8.442507 -0.117382
v 26.236860 8.442507 -1.379751
v 26.010076 8.317620 -1.379751
v 26.131431 8.097251 -1.379751
v 26.131431 8.097251 -0.117382
v 26.358215 8.222139 -0.117382
v 26.358215 8.222139 -1.379751

vt 1.0000 1.0000
vt 0.0000 1.0000
vt 0.0000 0.0000
vt 1.0000 0.0000
vt 1.0000 0.0000
vt 1.0000 1.0000
vt 0.0000 1.0000
vt 0.0000 0.0000
vt 0.0000 0.6383
vt 0.3486 0.0000
vt 1.0000 0.3617
vt 0.6514 1.0000
vt 0.0000 0.0000
vt 0.0000 0.0000
vt 0.0000 0.0000
vt 0.0000 0.0000
vt 0.0000 0.0000
vt 0.0000 0.0000
vt 0.0000 0.0000
vt 0.0000 0.0000
vt 0.0000 1.0000
vt 0.0000 0.0000
vt 1.0000 0.0000
vt 1.0000 1.0000

vn -0.4824 0.8760 0.0000
vn -0.8760 -0.4824 0.0000
vn 0.0000 0.0000 1.0000
vn 0.8760 0.4824 0.0000
vn 0.0000 0.0000 -1.0000
vn 0.4824 -0.8760 0.0000

o 交通组7号推演三维模型_77
g 交通组7号推演三维模型

usemtl 3b92234a-972c-4365-9291-1afdd94c635a
f 935/2419/571 936/2420/571 937/2421/571 938/2422/571 
usemtl a3121e47-7567-40b1-9e71-68a89b10728e
f 939/2423/572 940/2424/572 935/2425/572 938/2426/572 
usemtl 681213e5-dfe8-48e3-b6b3-618be78c8dd7
f 941/2427/573 936/2428/573 935/2429/573 940/2430/573 
usemtl mtl_default
f 942/2431/574 937/2432/574 936/2433/574 941/2434/574 
f 938/2435/575 937/2436/575 942/2437/575 939/2438/575 
usemtl bdb4ef7b-c643-488a-804a-f5d7d0b87883
f 940/2439/576 939/2440/576 942/2441/576 941/2442/576 

#VSize: 10, VTSize: 26, VNSize: 6, FSize: 6
v 25.231972 7.593128 -3.506224
v 25.231972 7.593128 -2.654376
v 22.633993 12.292084 -2.654376
v 22.633993 12.292084 -3.506225
v 23.993979 13.044000 -2.654376
v 23.993979 13.044000 -3.506224
v 26.591959 8.345048 -2.654375
v 25.474955 10.365354 -2.654375
v 26.591959 8.345048 -3.506223
v 25.474955 10.365354 -3.506223

vt 0.0000 0.0000
vt 0.0000 1.0000
vt 0.3427 1.0000
vt 0.3427 0.0000
vt 0.3427 1.0000
vt 0.6573 1.0000
vt 0.6573 0.0000
vt 0.3427 0.0000
vt 0.6573 0.5615
vt 1.0000 0.1231
vt 0.6853 0.0000
vt 0.6853 0.0000
vt 0.3427 0.4385
vt 0.0000 0.0000
vt 0.0000 1.0000
vt 1.0000 1.0000
vt 1.0000 0.0000
vt 0.3803 1.0000
vt 0.7296 0.8126
vt 0.3493 0.1451
vt 0.3493 0.1451
vt 0.0000 0.3324
vt 0.0000 0.0000
vt 0.0000 0.0000
vt 0.0000 0.0000
vt 0.0000 0.0000

vn -0.8751 -0.4839 0.0000
vn -0.4839 0.8751 0.0000
vn -0.0000 -0.0000 1.0000
vn 0.4839 -0.8751 0.0000
vn 0.0000 0.0000 -1.0000
vn 0.8751 0.4839 0.0000

o 交通组7号推演三维模型_78
g 交通组7号推演三维模型

usemtl 56adfe4c-f631-4f23-afad-1acd9ea81441
f 943/2443/577 944/2444/577 945/2445/577 946/2446/577 
f 945/2447/578 947/2448/578 948/2449/578 946/2450/578 
usemtl a5487716-c656-4f2a-85d3-947a3857542e
f 945/2451/579 944/2452/579 949/2453/579 950/2454/579 947/2455/579 
usemtl 56adfe4c-f631-4f23-afad-1acd9ea81441
f 951/2456/580 949/2457/580 944/2458/580 943/2459/580 
f 946/2460/581 948/2461/581 952/2462/581 951/2463/581 943/2464/581 
usemtl mtl_default
f 949/2465/582 951/2466/582 952/2467/582 950/2468/582 

#VSize: 8, VTSize: 16, VNSize: 4, FSize: 4
v 17.420978 5.912389 -1.666296
v 18.538013 3.892112 -1.666296
v 18.012190 4.843173 -2.654376
v 16.895155 6.863449 -2.654376
v 8.841163 2.410602 -2.654376
v 9.366986 1.459542 -1.666296
v 9.958163 0.390277 -2.654376
v 10.483987 -0.560783 -1.666296

vt 0.0000 0.0000
vt 0.0000 0.0000
vt 0.0000 0.0000
vt 0.0000 0.0000
vt 0.0000 0.0000
vt 0.0000 0.0000
vt 0.0000 0.0000
vt 0.0000 0.0000
vt 0.5463 0.6251
vt 0.4833 0.4550
vt 0.9371 0.0801
vt 1.0000 0.2502
vt 0.4833 0.4550
vt 0.4537 0.3749
vt 0.9075 0.0000
vt 0.9371 0.0801

vn 0.8751 0.4839 0.0000
vn -0.3255 0.5887 0.7399
vn 0.0000 0.0000 -1.0000
vn 0.3255 -0.5887 -0.7399

o 交通组7号推演三维模型_79
g 交通组7号推演三维模型

usemtl mtl_default
f 953/2469/583 954/2470/583 955/2471/583 956/2472/583 
f 953/2473/584 956/2474/584 957/2475/584 958/2476/584 
usemtl c71e67c9-cba5-4b95-a0a7-383c260c2700
f 956/2477/585 955/2478/585 959/2479/585 957/2480/585 
f 955/2481/586 954/2482/586 960/2483/586 959/2484/586 

#VSize: 10, VTSize: 26, VNSize: 6, FSize: 6
v 3.426648 5.887544 -1.379750
v 2.613417 7.358434 -1.379750
v 2.613417 7.358434 -1.666296
v 3.426648 5.887544 -1.666296
v 13.342013 13.290079 -1.666296
v 14.155243 11.819185 -1.666296
v 24.070607 19.221722 -1.379750
v 24.883837 17.750829 -1.379750
v 24.883837 17.750829 -1.666296
v 24.070607 19.221722 -1.666296

vt 1.0000 1.0000
vt 0.0000 1.0000
vt 0.0000 0.0000
vt 1.0000 0.0000
vt 0.0000 0.0000
vt 0.0000 0.0000
vt 0.0000 0.0000
vt 0.0000 0.0000
vt 1.0000 1.0000
vt 0.0000 1.0000
vt 0.0000 0.0000
vt 1.0000 0.0000
vt 0.8246 0.0885
vt 0.7595 0.7424
vt 0.1970 0.7501
vt 0.2621 0.0962
vt 0.5000 0.0000
vt 1.0000 0.0000
vt 1.0000 1.0000
vt 0.0000 1.0000
vt 0.0000 0.0000
vt 0.0000 1.0000
vt 0.0000 0.0000
vt 0.5000 0.0000
vt 1.0000 0.0000
vt 1.0000 1.0000

vn -0.8751 -0.4839 0.0000
vn 0.0000 0.0000 -1.0000
vn 0.8751 0.4839 0.0000
vn 0.0000 0.0000 1.0000
vn -0.4839 0.8751 0.0000
vn 0.4839 -0.8751 0.0000

o 交通组7号推演三维模型_80
g 交通组7号推演三维模型

usemtl d7c68e85-6171-4f70-9fa9-1c64b7820974
f 961/2485/587 962/2486/587 963/2487/587 964/2488/587 
usemtl mtl_default
f 964/2489/588 963/2490/588 965/2491/588 966/2492/588 
usemtl ec11589d-555b-4b25-a0d1-d84dd570077e
f 967/2493/589 968/2494/589 969/2495/589 970/2496/589 
usemtl fbf939ed-8d6d-459e-97fe-9cb92f43e0a1
f 967/2497/590 962/2498/590 961/2499/590 968/2500/590 
usemtl 22de0806-c843-4974-923a-b0114b5f2051
f 965/2501/591 963/2502/591 962/2503/591 967/2504/591 970/2505/591 
usemtl c2a621ba-ad8b-49d6-bdc5-530ada5c8dfe
f 961/2506/592 964/2507/592 966/2508/592 969/2509/592 968/2510/592 

#VSize: 16, VTSize: 40, VNSize: 9, FSize: 9
v 5.392857 8.745464 -0.029177
v 5.445087 8.703800 -0.029177
v 5.511218 8.711323 -0.029177
v 5.552680 8.763386 -0.029177
v 5.545211 8.829523 -0.029177
v 5.493180 8.871027 -0.029177
v 5.427038 8.863610 -0.029177
v 5.385492 8.811612 -0.029177
v 5.545211 8.829523 -0.117382
v 5.493180 8.871027 -0.117382
v 5.427038 8.863610 -0.117382
v 5.385492 8.811612 -0.117382
v 5.392857 8.745464 -0.117382
v 5.445087 8.703800 -0.117382
v 5.511218 8.711323 -0.117382
v 5.552680 8.763386 -0.117382

vt 0.0000 0.0000
vt 0.0000 0.0000
vt 0.0000 0.0000
vt 0.0000 0.0000
vt 0.0000 0.0000
vt 0.0000 0.0000
vt 0.0000 0.0000
vt 0.0000 0.0000
vt 0.3559 1.0000
vt 0.0447 1.0000
vt 0.0447 0.0000
vt 0.3559 0.0000
vt 1.0000 1.0000
vt 0.7515 1.0000
vt 0.7515 0.0000
vt 1.0000 0.0000
vt 0.3565 1.0000
vt 0.0440 1.0000
vt 0.0440 0.0000
vt 0.3565 0.0000
vt 0.7520 1.0000
vt 0.3565 1.0000
vt 0.3565 0.0000
vt 0.7520 0.0000
vt 0.7518 1.0000
vt 0.3563 1.0000
vt 0.3563 0.0000
vt 0.7518 0.0000
vt 0.7515 1.0000
vt 0.3559 1.0000
vt 0.3559 0.0000
vt 0.7515 0.0000
vt 0.7509 1.0000
vt 0.3553 1.0000
vt 0.3553 0.0000
vt 0.7509 0.0000
vt 1.0000 1.0000
vt 0.7520 1.0000
vt 0.7520 0.0000
vt 1.0000 0.0000

vn 0.0000 0.0000 1.0000
vn 0.6236 0.7818 0.0000
vn -0.7813 0.6242 0.0000
vn -0.6236 -0.7817 0.0000
vn 0.1130 -0.9936 0.0000
vn 0.9937 0.1122 0.0000
vn -0.1114 0.9938 0.0000
vn -0.9939 -0.1107 0.0000
vn 0.7822 -0.6230 0.0000

o 交通组7号推演三维模型_81
g 交通组7号推演三维模型

usemtl mtl_default
f 971/2511/593 972/2512/593 973/2513/593 974/2514/593 975/2515/593 976/2516/593 977/2517/593 978/2518/593 
usemtl a2ba5d5f-a1b7-4f2b-bda4-4826e594708c
f 976/2519/594 975/2520/594 979/2521/594 980/2522/594 
f 978/2523/595 977/2524/595 981/2525/595 982/2526/595 
f 972/2527/596 971/2528/596 983/2529/596 984/2530/596 
f 973/2531/597 972/2532/597 984/2533/597 985/2534/597 
f 975/2535/598 974/2536/598 986/2537/598 979/2538/598 
f 977/2539/599 976/2540/599 980/2541/599 981/2542/599 
f 971/2543/600 978/2544/600 982/2545/600 983/2546/600 
f 974/2547/601 973/2548/601 985/2549/601 986/2550/601 

#VSize: 16, VTSize: 40, VNSize: 9, FSize: 9
v 18.604472 10.952075 -3.506224
v 17.693750 10.849135 -3.506224
v 16.976755 11.420037 -3.506224
v 16.873090 12.330677 -3.506224
v 17.443421 13.048126 -3.506224
v 18.353978 13.152516 -3.506224
v 19.071881 12.582757 -3.506224
v 19.176996 11.672284 -3.506224
v 17.693750 10.849135 -2.654376
v 16.976755 11.420037 -2.654376
v 19.176996 11.672284 -2.654376
v 18.604472 10.952075 -2.654376
v 19.071881 12.582757 -2.654376
v 17.443421 13.048126 -2.654376
v 18.353978 13.152516 -2.654376
v 16.873090 12.330677 -2.654376

vt 0.7517 0.9557
vt 1.0000 0.6444
vt 0.9556 0.2486
vt 0.6445 0.0000
vt 0.2488 0.0441
vt 0.0000 0.3551
vt 0.0438 0.7509
vt 0.3545 1.0000
vt 0.7514 0.0000
vt 0.3556 0.0000
vt 0.3556 1.0000
vt 0.7514 1.0000
vt 0.7517 0.0000
vt 0.3545 0.0000
vt 0.3545 1.0000
vt 0.7517 1.0000
vt 0.3545 0.0000
vt 0.0438 0.0000
vt 0.0438 1.0000
vt 0.3545 1.0000
vt 1.0000 0.0000
vt 0.7512 0.0000
vt 0.7512 1.0000
vt 1.0000 1.0000
vt 0.3555 0.0000
vt 0.0444 0.0000
vt 0.0444 1.0000
vt 0.3555 1.0000
vt 1.0000 0.0000
vt 0.7517 0.0000
vt 0.7517 1.0000
vt 1.0000 1.0000
vt 0.7509 0.0000
vt 0.3551 0.0000
vt 0.3551 1.0000
vt 0.7509 1.0000
vt 0.7512 0.0000
vt 0.3555 0.0000
vt 0.3555 1.0000
vt 0.7512 1.0000

vn 0.0000 0.0000 -1.0000
vn -0.6229 -0.7823 0.0000
vn 0.7828 -0.6223 0.0000
vn 0.9934 0.1147 0.0000
vn -0.1139 0.9935 0.0000
vn -0.9936 -0.1131 0.0000
vn 0.1123 -0.9937 0.0000
vn 0.6217 0.7833 0.0000
vn -0.7828 0.6223 0.0000

o 交通组7号推演三维模型_82
g 交通组7号推演三维模型

usemtl b6757df2-67cf-47ff-a716-9ac96f08ba55
f 987/2551/602 988/2552/602 989/2553/602 990/2554/602 991/2555/602 992/2556/602 993/2557/602 994/2558/602 
f 989/2559/603 988/2560/603 995/2561/603 996/2562/603 
f 987/2563/604 994/2564/604 997/2565/604 998/2566/604 
f 994/2567/605 993/2568/605 999/2569/605 997/2570/605 
f 992/2571/606 991/2572/606 1000/2573/606 1001/2574/606 
f 990/2575/607 989/2576/607 996/2577/607 1002/2578/607 
f 988/2579/608 987/2580/608 998/2581/608 995/2582/608 
f 993/2583/609 992/2584/609 1001/2585/609 999/2586/609 
f 991/2587/610 990/2588/610 1002/2589/610 1000/2590/610 

#VSize: 8, VTSize: 24, VNSize: 6, FSize: 6
v 26.463643 8.567395 -0.117382
v 26.463643 8.567395 -1.379751
v 26.236860 8.442507 -1.379751
v 26.236860 8.442507 -0.117382
v 26.584999 8.347027 -1.379751
v 26.584999 8.347027 -0.117382
v 26.358215 8.222139 -0.117382
v 26.358215 8.222139 -1.379751

vt 0.0000 1.0000
vt 0.0000 0.0000
vt 1.0000 0.0000
vt 1.0000 1.0000
vt 0.0000 0.0000
vt 1.0000 0.0000
vt 1.0000 1.0000
vt 0.0000 1.0000
vt 0.6514 1.0000
vt 0.0000 0.6383
vt 0.3486 0.0000
vt 1.0000 0.3617
vt 0.0000 0.0000
vt 0.0000 0.0000
vt 0.0000 0.0000
vt 0.0000 0.0000
vt 0.0000 0.0000
vt 0.0000 0.0000
vt 0.0000 0.0000
vt 0.0000 0.0000
vt 1.0000 1.0000
vt 0.0000 1.0000
vt 0.0000 0.0000
vt 1.0000 0.0000

vn -0.4824 0.8760 0.0000
vn 0.8760 0.4824 0.0000
vn 0.0000 0.0000 1.0000
vn -0.8760 -0.4824 0.0000
vn 0.0000 0.0000 -1.0000
vn 0.4824 -0.8760 0.0000

o 交通组7号推演三维模型_83
g 交通组7号推演三维模型

usemtl ad3359a5-b75d-412d-b071-2e8911545ae0
f 1003/2591/611 1004/2592/611 1005/2593/611 1006/2594/611 
usemtl 82ca7ead-a941-49a5-b796-1d118860fc82
f 1007/2595/612 1004/2596/612 1003/2597/612 1008/2598/612 
usemtl b26861b9-cbc6-445e-819d-bc6d52998630
f 1009/2599/613 1008/2600/613 1003/2601/613 1006/2602/613 
usemtl mtl_default
f 1010/2603/614 1009/2604/614 1006/2605/614 1005/2606/614 
f 1004/2607/615 1007/2608/615 1010/2609/615 1005/2610/615 
usemtl c4c528df-9c36-4c10-864d-0632e5fee3dd
f 1008/2611/616 1009/2612/616 1010/2613/616 1007/2614/616 

#VSize: 14, VTSize: 28, VNSize: 7, FSize: 7
v 12.403094 12.661032 -0.117382
v 12.430026 12.611363 -0.117382
v 13.422875 13.149724 -0.117382
v 13.395930 13.199427 -0.117382
v 12.456957 12.561693 -0.117382
v 12.456957 12.561694 -1.379750
v 14.429510 13.652286 -1.379750
v 14.429511 13.652286 -0.117382
v 13.422875 13.149724 -1.379750
v 13.449818 13.100031 -1.379750
v 12.430026 12.611363 -1.379751
v 13.449819 13.100031 -0.117382
v 13.395930 13.199427 -1.379750
v 12.403094 12.661032 -1.379750

vt 0.0000 0.1558
vt 0.0257 0.0779
vt 0.9743 0.9221
vt 0.9485 1.0000
vt 0.0000 1.0000
vt 0.0000 0.0000
vt 1.0000 0.0000
vt 1.0000 1.0000
vt 0.0000 0.0000
vt 0.0000 0.0000
vt 0.0000 0.0000
vt 0.0000 0.0000
vt 1.0000 0.8441
vt 0.9743 0.9221
vt 0.0257 0.0779
vt 0.0515 0.0000
vt 0.0000 0.0000
vt 0.0000 0.0000
vt 0.0000 0.0000
vt 0.0000 0.0000
vt 0.0000 0.0000
vt 0.0000 0.0000
vt 0.0000 0.0000
vt 0.0000 0.0000
vt 0.0000 0.0000
vt 0.0000 0.0000
vt 0.0000 0.0000
vt 0.0000 0.0000

vn 0.0000 0.0000 1.0000
vn 0.4839 -0.8751 -0.0000
vn 0.0000 -0.0000 -1.0000
vn 0.0000 0.0000 1.0000
vn 0.8791 0.4766 0.0000
vn 0.8791 0.4766 -0.0000
vn -0.0000 0.0000 -1.0000

o 交通组7号推演三维模型_84
g 交通组7号推演三维模型

usemtl 28a37069-5882-4410-8c7a-4ee09302eaf7
f 1011/2615/617 1012/2616/617 1013/2617/617 1014/2618/617 
usemtl 3fcf345d-5a7c-4030-9941-1b899e3cdfd2
f 1015/2619/618 1016/2620/618 1017/2621/618 1018/2622/618 
usemtl mtl_default
f 1019/2623/619 1020/2624/619 1016/2625/619 1021/2626/619 
usemtl 28a37069-5882-4410-8c7a-4ee09302eaf7
f 1022/2627/620 1013/2628/620 1012/2629/620 1015/2630/620 
usemtl mtl_default
f 1013/2631/621 1019/2632/621 1023/2633/621 1014/2634/621 
f 1022/2635/622 1020/2636/622 1019/2637/622 1013/2638/622 
f 1023/2639/623 1019/2640/623 1021/2641/623 1024/2642/623 

#VSize: 16, VTSize: 40, VNSize: 9, FSize: 9
v 16.646746 14.957088 -0.029177
v 16.698845 14.915670 -0.029177
v 16.764975 14.923195 -0.029177
v 16.806435 14.975261 -0.029177
v 16.798962 15.041397 -0.029177
v 16.746929 15.082898 -0.029177
v 16.680787 15.075478 -0.029177
v 16.639244 15.023479 -0.029177
v 16.806435 14.975261 -0.117382
v 16.798962 15.041397 -0.117382
v 16.698845 14.915670 -0.117382
v 16.764975 14.923195 -0.117382
v 16.639244 15.023479 -0.117382
v 16.646746 14.957088 -0.117382
v 16.680787 15.075478 -0.117382
v 16.746929 15.082898 -0.117382

vt 0.0000 0.0000
vt 0.0000 0.0000
vt 0.0000 0.0000
vt 0.0000 0.0000
vt 0.0000 0.0000
vt 0.0000 0.0000
vt 0.0000 0.0000
vt 0.0000 0.0000
vt 0.3546 1.0000
vt 0.3546 0.0000
vt 0.7506 0.0000
vt 0.7506 1.0000
vt 0.3547 1.0000
vt 0.3547 0.0000
vt 0.7508 0.0000
vt 0.7508 1.0000
vt 0.3536 1.0000
vt 0.3536 0.0000
vt 0.7511 0.0000
vt 0.7511 1.0000
vt 0.7503 1.0000
vt 0.7503 0.0000
vt 1.0000 0.0000
vt 1.0000 1.0000
vt 0.0435 1.0000
vt 0.0435 0.0000
vt 0.3542 0.0000
vt 0.3542 1.0000
vt 0.7508 1.0000
vt 0.7508 0.0000
vt 1.0000 0.0000
vt 1.0000 1.0000
vt 0.0436 1.0000
vt 0.0436 0.0000
vt 0.3547 0.0000
vt 0.3547 1.0000
vt 0.3542 1.0000
vt 0.3542 0.0000
vt 0.7503 0.0000
vt 0.7503 1.0000

vn 0.0000 0.0000 1.0000
vn 0.9937 0.1123 0.0000
vn 0.1131 -0.9936 0.0000
vn -0.9937 -0.1123 0.0000
vn -0.7813 0.6242 0.0000
vn 0.6235 0.7818 0.0000
vn 0.7823 -0.6229 0.0000
vn -0.6223 -0.7828 0.0000
vn -0.1115 0.9938 0.0000

o 交通组7号推演三维模型_85
g 交通组7号推演三维模型

usemtl mtl_default
f 1025/2643/624 1026/2644/624 1027/2645/624 1028/2646/624 1029/2647/624 1030/2648/624 1031/2649/624 1032/2650/624 
usemtl 51d7f373-de3f-4157-8e4b-7e535d3a59a8
f 1028/2651/625 1033/2652/625 1034/2653/625 1029/2654/625 
f 1026/2655/626 1035/2656/626 1036/2657/626 1027/2658/626 
f 1032/2659/627 1037/2660/627 1038/2661/627 1025/2662/627 
f 1031/2663/628 1039/2664/628 1037/2665/628 1032/2666/628 
f 1029/2667/629 1034/2668/629 1040/2669/629 1030/2670/629 
f 1027/2671/630 1036/2672/630 1033/2673/630 1028/2674/630 
f 1025/2675/631 1038/2676/631 1035/2677/631 1026/2678/631 
f 1030/2679/632 1040/2680/632 1039/2681/632 1031/2682/632 

#VSize: 8, VTSize: 24, VNSize: 6, FSize: 6
v 10.149364 11.508449 -0.117382
v 10.149364 11.508449 -1.379751
v 9.922596 11.383532 -1.379751
v 9.922596 11.383532 -0.117382
v 10.270746 11.288095 -1.379751
v 10.270747 11.288095 -0.117382
v 10.043979 11.163179 -0.117382
v 10.043979 11.163179 -1.379751

vt 1.0000 1.0000
vt 1.0000 0.0000
vt 0.0000 0.0000
vt 0.0000 1.0000
vt 1.0000 0.0000
vt 0.0000 0.0000
vt 0.0000 1.0000
vt 1.0000 1.0000
vt 0.0000 0.6383
vt 0.6514 1.0000
vt 1.0000 0.3617
vt 0.3486 0.0000
vt 0.0000 0.0000
vt 0.0000 0.0000
vt 0.0000 0.0000
vt 0.0000 0.0000
vt 0.0000 0.0000
vt 0.0000 0.0000
vt 0.0000 0.0000
vt 0.0000 0.0000
vt 0.0000 1.0000
vt 1.0000 1.0000
vt 1.0000 0.0000
vt 0.0000 0.0000

vn -0.4825 0.8759 0.0000
vn 0.8759 0.4825 -0.0000
vn 0.0000 0.0000 1.0000
vn -0.8759 -0.4825 0.0000
vn 0.0000 0.0000 -1.0000
vn 0.4825 -0.8759 -0.0000

o 交通组7号推演三维模型_86
g 交通组7号推演三维模型

usemtl 3b92234a-972c-4365-9291-1afdd94c635a
f 1041/2683/633 1042/2684/633 1043/2685/633 1044/2686/633 
usemtl a3121e47-7567-40b1-9e71-68a89b10728e
f 1045/2687/634 1042/2688/634 1041/2689/634 1046/2690/634 
usemtl 681213e5-dfe8-48e3-b6b3-618be78c8dd7
f 1047/2691/635 1046/2692/635 1041/2693/635 1044/2694/635 
usemtl mtl_default
f 1048/2695/636 1047/2696/636 1044/2697/636 1043/2698/636 
f 1042/2699/637 1045/2700/637 1048/2701/637 1043/2702/637 
usemtl bdb4ef7b-c643-488a-804a-f5d7d0b87883
f 1046/2703/638 1047/2704/638 1048/2705/638 1045/2706/638 

#VSize: 8, VTSize: 24, VNSize: 6, FSize: 6
v 18.739976 16.262689 -0.117382
v 18.966354 16.388310 -0.117382
v 18.966354 16.388310 -1.379751
v 18.739976 16.262689 -1.379751
v 18.862043 16.042715 -1.379751
v 18.862043 16.042714 -0.117382
v 19.088422 16.168335 -0.117382
v 19.088422 16.168336 -1.379751

vt 1.0000 1.0000
vt 0.0000 1.0000
vt 0.0000 0.0000
vt 1.0000 0.0000
vt 1.0000 0.0000
vt 1.0000 1.0000
vt 0.0000 1.0000
vt 0.0000 0.0000
vt 0.0000 0.6383
vt 0.3486 0.0000
vt 1.0000 0.3617
vt 0.6514 1.0000
vt 0.0000 0.0000
vt 0.0000 0.0000
vt 0.0000 0.0000
vt 0.0000 0.0000
vt 0.0000 0.0000
vt 0.0000 0.0000
vt 0.0000 0.0000
vt 0.0000 0.0000
vt 0.0000 1.0000
vt 0.0000 0.0000
vt 1.0000 0.0000
vt 1.0000 1.0000

vn -0.4852 0.8744 0.0000
vn -0.8744 -0.4852 -0.0000
vn 0.0000 0.0000 1.0000
vn 0.8744 0.4852 0.0000
vn 0.0000 0.0000 -1.0000
vn 0.4852 -0.8744 -0.0000

o 交通组7号推演三维模型_87
g 交通组7号推演三维模型

usemtl 3b92234a-972c-4365-9291-1afdd94c635a
f 1049/2707/639 1050/2708/639 1051/2709/639 1052/2710/639 
usemtl a3121e47-7567-40b1-9e71-68a89b10728e
f 1053/2711/640 1054/2712/640 1049/2713/640 1052/2714/640 
usemtl 681213e5-dfe8-48e3-b6b3-618be78c8dd7
f 1055/2715/641 1050/2716/641 1049/2717/641 1054/2718/641 
usemtl mtl_default
f 1056/2719/642 1051/2720/642 1050/2721/642 1055/2722/642 
f 1052/2723/643 1051/2724/643 1056/2725/643 1053/2726/643 
usemtl bdb4ef7b-c643-488a-804a-f5d7d0b87883
f 1054/2727/644 1053/2728/644 1056/2729/644 1055/2730/644 

#VSize: 8, VTSize: 24, VNSize: 6, FSize: 6
v 21.063337 17.264771 -0.117382
v 21.063337 17.264771 -1.379751
v 21.289699 17.390420 -1.379751
v 21.289699 17.390420 -0.117382
v 20.941242 17.484730 -1.379751
v 20.941242 17.484730 -0.117382
v 21.167604 17.610379 -0.117382
v 21.167604 17.610379 -1.379751

vt 1.0000 1.0000
vt 1.0000 0.0000
vt 0.0000 0.0000
vt 0.0000 1.0000
vt 1.0000 0.0000
vt 0.0000 0.0000
vt 0.0000 1.0000
vt 1.0000 1.0000
vt 0.0000 0.6383
vt 0.6514 1.0000
vt 1.0000 0.3617
vt 0.3486 0.0000
vt 0.0000 0.0000
vt 0.0000 0.0000
vt 0.0000 0.0000
vt 0.0000 0.0000
vt 0.0000 0.0000
vt 0.0000 0.0000
vt 0.0000 0.0000
vt 0.0000 0.0000
vt 0.0000 1.0000
vt 1.0000 1.0000
vt 1.0000 0.0000
vt 0.0000 0.0000

vn 0.4853 -0.8743 0.0000
vn -0.8743 -0.4853 0.0000
vn 0.0000 0.0000 1.0000
vn 0.8743 0.4853 0.0000
vn 0.0000 0.0000 -1.0000
vn -0.4853 0.8743 0.0000

o 交通组7号推演三维模型_88
g 交通组7号推演三维模型

usemtl 3b92234a-972c-4365-9291-1afdd94c635a
f 1057/2731/645 1058/2732/645 1059/2733/645 1060/2734/645 
usemtl a3121e47-7567-40b1-9e71-68a89b10728e
f 1061/2735/646 1058/2736/646 1057/2737/646 1062/2738/646 
usemtl 681213e5-dfe8-48e3-b6b3-618be78c8dd7
f 1063/2739/647 1062/2740/647 1057/2741/647 1060/2742/647 
usemtl mtl_default
f 1064/2743/648 1063/2744/648 1060/2745/648 1059/2746/648 
f 1058/2747/649 1061/2748/649 1064/2749/649 1059/2750/649 
usemtl bdb4ef7b-c643-488a-804a-f5d7d0b87883
f 1062/2751/650 1063/2752/650 1064/2753/650 1061/2754/650 

#VSize: 16, VTSize: 40, VNSize: 9, FSize: 9
v 10.462105 -0.423267 -0.029177
v 10.514209 -0.464680 -0.029177
v 10.580338 -0.457146 -0.029177
v 10.621791 -0.405075 -0.029177
v 10.614310 -0.338940 -0.029177
v 10.562272 -0.297444 -0.029177
v 10.496131 -0.304873 -0.029177
v 10.454595 -0.356878 -0.029177
v 10.621791 -0.405075 -0.117382
v 10.614310 -0.338940 -0.117382
v 10.514209 -0.464680 -0.117382
v 10.580338 -0.457146 -0.117382
v 10.454595 -0.356878 -0.117382
v 10.462105 -0.423267 -0.117382
v 10.496131 -0.304873 -0.117382
v 10.562272 -0.297444 -0.117382

vt 0.0000 0.0000
vt 0.0000 0.0000
vt 0.0000 0.0000
vt 0.0000 0.0000
vt 0.0000 0.0000
vt 0.0000 0.0000
vt 0.0000 0.0000
vt 0.0000 0.0000
vt 0.3559 1.0000
vt 0.3559 0.0000
vt 0.0447 0.0000
vt 0.0447 1.0000
vt 1.0000 1.0000
vt 1.0000 0.0000
vt 0.7515 0.0000
vt 0.7515 1.0000
vt 0.3565 1.0000
vt 0.3565 0.0000
vt 0.0440 0.0000
vt 0.0440 1.0000
vt 0.7520 1.0000
vt 0.7520 0.0000
vt 0.3565 0.0000
vt 0.3565 1.0000
vt 0.7518 1.0000
vt 0.7518 0.0000
vt 0.3563 0.0000
vt 0.3563 1.0000
vt 0.7515 1.0000
vt 0.7515 0.0000
vt 0.3559 0.0000
vt 0.3559 1.0000
vt 0.7509 1.0000
vt 0.7509 0.0000
vt 0.3553 0.0000
vt 0.3553 1.0000
vt 1.0000 1.0000
vt 1.0000 0.0000
vt 0.7520 0.0000
vt 0.7520 1.0000

vn 0.0000 0.0000 1.0000
vn 0.9937 0.1124 0.0000
vn 0.1132 -0.9936 0.0000
vn -0.9937 -0.1124 0.0000
vn -0.7814 0.6241 0.0000
vn 0.6235 0.7818 0.0000
vn 0.7824 -0.6228 0.0000
vn -0.6222 -0.7828 0.0000
vn -0.1116 0.9938 0.0000

o 交通组7号推演三维模型_89
g 交通组7号推演三维模型

usemtl mtl_default
f 1065/2755/651 1066/2756/651 1067/2757/651 1068/2758/651 1069/2759/651 1070/2760/651 1071/2761/651 1072/2762/651 
usemtl a2ba5d5f-a1b7-4f2b-bda4-4826e594708c
f 1068/2763/652 1073/2764/652 1074/2765/652 1069/2766/652 
f 1066/2767/653 1075/2768/653 1076/2769/653 1067/2770/653 
f 1072/2771/654 1077/2772/654 1078/2773/654 1065/2774/654 
f 1071/2775/655 1079/2776/655 1077/2777/655 1072/2778/655 
f 1069/2779/656 1074/2780/656 1080/2781/656 1070/2782/656 
f 1067/2783/657 1076/2784/657 1073/2785/657 1068/2786/657 
f 1065/2787/658 1078/2788/658 1075/2789/658 1066/2790/658 
f 1070/2791/659 1080/2792/659 1079/2793/659 1071/2794/659 

#VSize: 12, VTSize: 36, VNSize: 9, FSize: 9
v 17.218067 3.391126 -0.117382
v 15.242957 2.295099 -0.117382
v 15.270373 2.245695 -0.117382
v 17.245492 3.341712 -0.117382
v 17.272907 3.292308 -1.379750
v 17.245492 3.341712 -1.379751
v 17.272907 3.292308 -0.117382
v 15.297787 2.196291 -1.379750
v 15.270373 2.245695 -1.379751
v 15.297787 2.196291 -0.117382
v 17.218067 3.391126 -1.379750
v 15.242957 2.295098 -1.379750

vt 0.9732 1.0000
vt 0.0000 0.0833
vt 0.0134 0.0416
vt 0.9866 0.9584
vt 0.0000 0.0000
vt 0.0000 0.0000
vt 0.0000 0.0000
vt 0.0000 0.0000
vt 0.0000 0.0000
vt 0.0000 0.0000
vt 0.0000 0.0000
vt 0.0000 0.0000
vt 0.0134 0.0416
vt 0.0268 0.0000
vt 1.0000 0.9167
vt 0.9866 0.9584
vt 0.0000 0.0000
vt 0.0000 0.0000
vt 0.0000 0.0000
vt 0.0000 0.0000
vt 0.0000 0.0000
vt 1.0000 0.0000
vt 1.0000 1.0000
vt 0.0000 1.0000
vt 0.0000 0.0000
vt 0.0000 0.0000
vt 0.0000 0.0000
vt 0.0000 0.0000
vt 0.0000 1.0000
vt 0.0000 0.0000
vt 1.0000 0.0000
vt 1.0000 1.0000
vt 0.0000 0.0000
vt 0.0000 0.0000
vt 0.0000 0.0000
vt 0.0000 0.0000

vn 0.0000 0.0000 1.0000
vn 0.8744 0.4852 0.0000
vn 0.0000 -0.0000 -1.0000
vn 0.0000 0.0000 1.0000
vn 0.8744 0.4853 0.0000
vn -0.4852 0.8744 -0.0000
vn -0.0000 0.0000 -1.0000
vn 0.4852 -0.8744 0.0000
vn -0.4852 0.8744 0.0000

o 交通组7号推演三维模型_90
g 交通组7号推演三维模型

usemtl e750f405-f351-4551-bdc4-a39dd8b18577
f 1081/2795/660 1082/2796/660 1083/2797/660 1084/2798/660 
usemtl mtl_default
f 1085/2799/661 1086/2800/661 1084/2801/661 1087/2802/661 
f 1085/2803/662 1088/2804/662 1089/2805/662 1086/2806/662 
usemtl e750f405-f351-4551-bdc4-a39dd8b18577
f 1083/2807/663 1090/2808/663 1087/2809/663 1084/2810/663 
usemtl mtl_default
f 1086/2811/664 1091/2812/664 1081/2813/664 1084/2814/664 
usemtl eafef049-3de1-4808-8202-9fea347a6534
f 1091/2815/665 1092/2816/665 1082/2817/665 1081/2818/665 
usemtl mtl_default
f 1092/2819/666 1091/2820/666 1086/2821/666 1089/2822/666 
usemtl 692db0c8-424e-4626-b3d0-3367f68149c5
f 1090/2823/667 1088/2824/667 1085/2825/667 1087/2826/667 
usemtl mtl_default
f 1083/2827/668 1084/2828/668 1086/2829/668 1089/2830/668 

#VSize: 12, VTSize: 36, VNSize: 9, FSize: 9
v 12.880117 0.854297 -0.117382
v 12.852691 0.903712 -0.117382
v 10.877718 -0.192568 -0.117382
v 10.905139 -0.241969 -0.117382
v 12.825270 0.953112 -1.379750
v 12.825270 0.953112 -0.117382
v 12.852691 0.903712 -1.379751
v 10.877718 -0.192568 -1.379751
v 10.850296 -0.143168 -1.379750
v 10.850296 -0.143168 -0.117382
v 12.880116 0.854298 -1.379750
v 10.905139 -0.241969 -1.379750

vt 0.9732 1.0000
vt 0.9866 0.9584
vt 0.0134 0.0416
vt 0.0000 0.0833
vt 0.0000 0.0000
vt 0.0000 0.0000
vt 0.0000 0.0000
vt 0.0000 0.0000
vt 0.0000 0.0000
vt 0.0000 0.0000
vt 0.0000 0.0000
vt 0.0000 0.0000
vt 0.0134 0.0416
vt 0.9866 0.9584
vt 1.0000 0.9167
vt 0.0268 0.0000
vt 0.0000 0.0000
vt 0.0000 0.0000
vt 0.0000 0.0000
vt 0.0000 0.0000
vt 0.0000 0.0000
vt 0.0000 1.0000
vt 1.0000 1.0000
vt 1.0000 0.0000
vt 0.0000 0.0000
vt 0.0000 0.0000
vt 0.0000 0.0000
vt 0.0000 0.0000
vt 0.0000 1.0000
vt 1.0000 1.0000
vt 1.0000 0.0000
vt 0.0000 0.0000
vt 0.0000 0.0000
vt 0.0000 0.0000
vt 0.0000 0.0000
vt 0.0000 0.0000

vn 0.0000 0.0000 1.0000
vn 0.8743 0.4853 0.0000
vn -0.0000 0.0000 -1.0000
vn 0.0000 0.0000 1.0000
vn 0.8744 0.4853 -0.0000
vn 0.4853 -0.8743 -0.0000
vn 0.0000 -0.0000 -1.0000
vn -0.4853 0.8743 0.0000
vn 0.4853 -0.8743 0.0000

o 交通组7号推演三维模型_91
g 交通组7号推演三维模型

usemtl e750f405-f351-4551-bdc4-a39dd8b18577
f 1093/2831/669 1094/2832/669 1095/2833/669 1096/2834/669 
usemtl mtl_default
f 1097/2835/670 1098/2836/670 1094/2837/670 1099/2838/670 
f 1097/2839/671 1099/2840/671 1100/2841/671 1101/2842/671 
usemtl e750f405-f351-4551-bdc4-a39dd8b18577
f 1095/2843/672 1094/2844/672 1098/2845/672 1102/2846/672 
usemtl mtl_default
f 1099/2847/673 1094/2848/673 1093/2849/673 1103/2850/673 
usemtl eafef049-3de1-4808-8202-9fea347a6534
f 1103/2851/674 1093/2852/674 1096/2853/674 1104/2854/674 
usemtl mtl_default
f 1104/2855/675 1100/2856/675 1099/2857/675 1103/2858/675 
usemtl 692db0c8-424e-4626-b3d0-3367f68149c5
f 1102/2859/676 1098/2860/676 1097/2861/676 1101/2862/676 
usemtl mtl_default
f 1095/2863/677 1100/2864/677 1099/2865/677 1094/2866/677 

#VSize: 8, VTSize: 24, VNSize: 6, FSize: 6
v 5.869920 8.864580 -0.117382
v 5.643136 8.739692 -0.117382
v 5.643136 8.739692 -1.379751
v 5.869920 8.864580 -1.379751
v 5.748565 9.084949 -1.379751
v 5.748565 9.084949 -0.117382
v 5.521781 8.960061 -0.117382
v 5.521781 8.960061 -1.379751

vt 1.0000 1.0000
vt 0.0000 1.0000
vt 0.0000 0.0000
vt 1.0000 0.0000
vt 1.0000 0.0000
vt 1.0000 1.0000
vt 0.0000 1.0000
vt 0.0000 0.0000
vt 0.0000 0.6383
vt 0.3486 0.0000
vt 1.0000 0.3617
vt 0.6514 1.0000
vt 0.0000 0.0000
vt 0.0000 0.0000
vt 0.0000 0.0000
vt 0.0000 0.0000
vt 0.0000 0.0000
vt 0.0000 0.0000
vt 0.0000 0.0000
vt 0.0000 0.0000
vt 0.0000 1.0000
vt 0.0000 0.0000
vt 1.0000 0.0000
vt 1.0000 1.0000

vn 0.4824 -0.8760 0.0000
vn 0.8760 0.4824 0.0000
vn 0.0000 0.0000 1.0000
vn -0.8760 -0.4824 0.0000
vn 0.0000 0.0000 -1.0000
vn -0.4824 0.8760 0.0000

o 交通组7号推演三维模型_92
g 交通组7号推演三维模型

usemtl 3b92234a-972c-4365-9291-1afdd94c635a
f 1105/2867/678 1106/2868/678 1107/2869/678 1108/2870/678 
usemtl a3121e47-7567-40b1-9e71-68a89b10728e
f 1109/2871/679 1110/2872/679 1105/2873/679 1108/2874/679 
usemtl 681213e5-dfe8-48e3-b6b3-618be78c8dd7
f 1111/2875/680 1106/2876/680 1105/2877/680 1110/2878/680 
usemtl mtl_default
f 1112/2879/681 1107/2880/681 1106/2881/681 1111/2882/681 
f 1108/2883/682 1107/2884/682 1112/2885/682 1109/2886/682 
usemtl bdb4ef7b-c643-488a-804a-f5d7d0b87883
f 1110/2887/683 1109/2888/683 1112/2889/683 1111/2890/683 

#VSize: 16, VTSize: 40, VNSize: 9, FSize: 9
v 10.840605 -0.213169 -0.029177
v 10.788234 -0.171681 -0.029177
v 10.722130 -0.179426 -0.029177
v 10.680843 -0.231628 -0.029177
v 10.688534 -0.297739 -0.029177
v 10.740704 -0.339068 -0.029177
v 10.806822 -0.331428 -0.029177
v 10.848192 -0.279292 -0.029177
v 10.688534 -0.297739 -0.117382
v 10.740704 -0.339068 -0.117382
v 10.806822 -0.331428 -0.117382
v 10.848192 -0.279292 -0.117382
v 10.840605 -0.213169 -0.117382
v 10.788234 -0.171681 -0.117382
v 10.722130 -0.179426 -0.117382
v 10.680843 -0.231628 -0.117382

vt 0.0000 0.0000
vt 0.0000 0.0000
vt 0.0000 0.0000
vt 0.0000 0.0000
vt 0.0000 0.0000
vt 0.0000 0.0000
vt 0.0000 0.0000
vt 0.0000 0.0000
vt 0.3546 1.0000
vt 0.7506 1.0000
vt 0.7506 0.0000
vt 0.3546 0.0000
vt 0.3547 1.0000
vt 0.7508 1.0000
vt 0.7508 0.0000
vt 0.3547 0.0000
vt 0.3536 1.0000
vt 0.7511 1.0000
vt 0.7511 0.0000
vt 0.3536 0.0000
vt 0.7503 1.0000
vt 1.0000 1.0000
vt 1.0000 0.0000
vt 0.7503 0.0000
vt 0.0435 1.0000
vt 0.3542 1.0000
vt 0.3542 0.0000
vt 0.0435 0.0000
vt 0.7508 1.0000
vt 1.0000 1.0000
vt 1.0000 0.0000
vt 0.7508 0.0000
vt 0.0436 1.0000
vt 0.3547 1.0000
vt 0.3547 0.0000
vt 0.0436 0.0000
vt 0.3542 1.0000
vt 0.7503 1.0000
vt 0.7503 0.0000
vt 0.3542 0.0000

vn 0.0000 0.0000 1.0000
vn -0.6210 -0.7838 0.0000
vn 0.7833 -0.6216 0.0000
vn 0.6210 0.7838 0.0000
vn -0.1164 0.9932 0.0000
vn -0.9933 -0.1156 0.0000
vn 0.1148 -0.9934 0.0000
vn 0.9935 0.1140 0.0000
vn -0.7843 0.6203 0.0000

o 交通组7号推演三维模型_93
g 交通组7号推演三维模型

usemtl mtl_default
f 1113/2891/684 1114/2892/684 1115/2893/684 1116/2894/684 1117/2895/684 1118/2896/684 1119/2897/684 1120/2898/684 
usemtl 51d7f373-de3f-4157-8e4b-7e535d3a59a8
f 1118/2899/685 1117/2900/685 1121/2901/685 1122/2902/685 
f 1120/2903/686 1119/2904/686 1123/2905/686 1124/2906/686 
f 1114/2907/687 1113/2908/687 1125/2909/687 1126/2910/687 
f 1115/2911/688 1114/2912/688 1126/2913/688 1127/2914/688 
f 1117/2915/689 1116/2916/689 1128/2917/689 1121/2918/689 
f 1119/2919/690 1118/2920/690 1122/2921/690 1123/2922/690 
f 1113/2923/691 1120/2924/691 1124/2925/691 1125/2926/691 
f 1116/2927/692 1115/2928/692 1127/2929/692 1128/2930/692 

#VSize: 8, VTSize: 16, VNSize: 4, FSize: 4
v 14.459021 11.269730 -1.666296
v 14.984815 10.318724 -2.654376
v 15.939995 8.591092 -2.654376
v 15.939995 8.591092 -1.666296
v 23.993973 13.044010 -2.654376
v 23.993973 13.044010 -1.666296
v 22.512995 15.722650 -1.666296
v 23.038791 14.771644 -2.654376

vt 0.0000 0.0000
vt 0.0000 0.0000
vt 0.0000 0.0000
vt 0.0000 0.0000
vt 0.0000 0.0000
vt 0.0000 0.0000
vt 0.0000 0.0000
vt 0.0000 0.0000
vt 1.0000 1.0000
vt 0.0613 1.0000
vt 0.0000 0.0000
vt 0.9387 0.0000
vt 0.0000 0.7205
vt 0.8940 0.0000
vt 1.0000 0.2795
vt 0.1060 1.0000

vn -0.8751 -0.4839 0.0000
vn 0.4839 -0.8751 0.0000
vn -0.3255 0.5887 -0.7399
vn 0.0000 0.0000 -1.0000

o 交通组7号推演三维模型_94
g 交通组7号推演三维模型

usemtl mtl_default
f 1129/2931/693 1130/2932/693 1131/2933/693 1132/2934/693 
f 1132/2935/694 1131/2936/694 1133/2937/694 1134/2938/694 
usemtl 4cffcc26-5dcd-4822-9bf6-d353373304cc
f 1129/2939/695 1135/2940/695 1136/2941/695 1130/2942/695 
usemtl 1666b5a9-09a5-44af-855c-ecb97c00b917
f 1130/2943/696 1136/2944/696 1133/2945/696 1131/2946/696 

#VSize: 16, VTSize: 40, VNSize: 9, FSize: 9
v 15.218217 2.072897 0.215752
v 15.278091 2.148295 0.215752
v 15.267152 2.243951 0.215752
v 15.191801 2.303886 0.215752
v 15.096136 2.293023 0.215752
v 15.036142 2.217720 0.215752
v 15.046929 2.122046 0.215752
v 15.122184 2.061992 0.215752
v 15.046929 2.122046 -0.029177
v 15.122184 2.061992 -0.029177
v 15.096136 2.293023 -0.029177
v 15.036142 2.217720 -0.029177
v 15.267152 2.243951 -0.029177
v 15.191801 2.303886 -0.029177
v 15.218217 2.072897 -0.029177
v 15.278091 2.148295 -0.029177

vt 0.7513 0.0438
vt 1.0000 0.3550
vt 0.9560 0.7510
vt 0.6451 1.0000
vt 0.2492 0.9563
vt 0.0000 0.6455
vt 0.0433 0.2495
vt 0.3539 0.0000
vt 0.0433 1.0000
vt 0.0433 0.0000
vt 0.3539 0.0000
vt 0.3539 1.0000
vt 0.7508 1.0000
vt 0.7508 0.0000
vt 1.0000 0.0000
vt 1.0000 1.0000
vt 0.0440 1.0000
vt 0.0440 0.0000
vt 0.3549 0.0000
vt 0.3549 1.0000
vt 0.7513 1.0000
vt 0.7513 0.0000
vt 1.0000 0.0000
vt 1.0000 1.0000
vt 0.3545 1.0000
vt 0.3545 0.0000
vt 0.7505 0.0000
vt 0.7505 1.0000
vt 0.3549 1.0000
vt 0.3549 0.0000
vt 0.7508 0.0000
vt 0.7508 1.0000
vt 0.3550 1.0000
vt 0.3550 0.0000
vt 0.7510 0.0000
vt 0.7510 1.0000
vt 0.3539 1.0000
vt 0.3539 0.0000
vt 0.7513 0.0000
vt 0.7513 1.0000

vn 0.0000 0.0000 1.0000
vn -0.6237 -0.7816 0.0000
vn -0.7821 0.6231 0.0000
vn 0.6225 0.7826 0.0000
vn 0.7831 -0.6219 0.0000
vn -0.9937 -0.1120 0.0000
vn -0.1128 0.9936 0.0000
vn 0.9935 0.1136 0.0000
vn 0.1128 -0.9936 0.0000

o 交通组7号推演三维模型_95
g 交通组7号推演三维模型

usemtl 58e2627b-8901-457b-8afb-e4e3c1aa69dc
f 1137/2947/697 1138/2948/697 1139/2949/697 1140/2950/697 1141/2951/697 1142/2952/697 1143/2953/697 1144/2954/697 
usemtl ab0ec295-96e8-4fbf-9a4d-d77f4e535cb0
f 1143/2955/698 1145/2956/698 1146/2957/698 1144/2958/698 
f 1141/2959/699 1147/2960/699 1148/2961/699 1142/2962/699 
f 1139/2963/700 1149/2964/700 1150/2965/700 1140/2966/700 
f 1137/2967/701 1151/2968/701 1152/2969/701 1138/2970/701 
f 1142/2971/702 1148/2972/702 1145/2973/702 1143/2974/702 
f 1140/2975/703 1150/2976/703 1147/2977/703 1141/2978/703 
f 1138/2979/704 1152/2980/704 1149/2981/704 1139/2982/704 
f 1144/2983/705 1146/2984/705 1151/2985/705 1137/2986/705 

#VSize: 12, VTSize: 36, VNSize: 9, FSize: 9
v 16.853313 15.007272 -0.117382
v 18.828424 16.103297 -0.117382
v 18.801009 16.152702 -0.117382
v 16.825889 15.056687 -0.117382
v 16.798473 15.106090 -1.379750
v 16.825889 15.056687 -1.379751
v 16.798473 15.106090 -0.117382
v 18.773594 16.202106 -1.379750
v 18.801009 16.152702 -1.379751
v 18.773594 16.202106 -0.117382
v 16.853313 15.007273 -1.379750
v 18.828424 16.103298 -1.379750

vt 0.9732 1.0000
vt 0.0000 0.0833
vt 0.0134 0.0416
vt 0.9866 0.9584
vt 0.0000 0.0000
vt 0.0000 0.0000
vt 0.0000 0.0000
vt 0.0000 0.0000
vt 0.0000 0.0000
vt 0.0000 0.0000
vt 0.0000 0.0000
vt 0.0000 0.0000
vt 0.0134 0.0416
vt 0.0268 0.0000
vt 1.0000 0.9167
vt 0.9866 0.9584
vt 0.0000 0.0000
vt 0.0000 0.0000
vt 0.0000 0.0000
vt 0.0000 0.0000
vt 0.0000 0.0000
vt 1.0000 0.0000
vt 1.0000 1.0000
vt 0.0000 1.0000
vt 0.0000 0.0000
vt 0.0000 0.0000
vt 0.0000 0.0000
vt 0.0000 0.0000
vt 0.0000 1.0000
vt 0.0000 0.0000
vt 1.0000 0.0000
vt 1.0000 1.0000
vt 0.0000 0.0000
vt 0.0000 0.0000
vt 0.0000 0.0000
vt 0.0000 0.0000

vn 0.0000 0.0000 1.0000
vn -0.8744 -0.4852 0.0000
vn -0.0000 0.0000 -1.0000
vn 0.0000 0.0000 1.0000
vn -0.8744 -0.4853 -0.0000
vn 0.4852 -0.8744 -0.0000
vn 0.0000 -0.0000 -1.0000
vn -0.4852 0.8744 0.0000
vn 0.4852 -0.8744 0.0000

o 交通组7号推演三维模型_96
g 交通组7号推演三维模型

usemtl e750f405-f351-4551-bdc4-a39dd8b18577
f 1153/2987/706 1154/2988/706 1155/2989/706 1156/2990/706 
usemtl mtl_default
f 1157/2991/707 1158/2992/707 1156/2993/707 1159/2994/707 
f 1157/2995/708 1160/2996/708 1161/2997/708 1158/2998/708 
usemtl e750f405-f351-4551-bdc4-a39dd8b18577
f 1155/2999/709 1162/3000/709 1159/3001/709 1156/3002/709 
usemtl mtl_default
f 1158/3003/710 1163/3004/710 1153/3005/710 1156/3006/710 
usemtl eafef049-3de1-4808-8202-9fea347a6534
f 1163/3007/711 1164/3008/711 1154/3009/711 1153/3010/711 
usemtl mtl_default
f 1164/3011/712 1163/3012/712 1158/3013/712 1161/3014/712 
usemtl 692db0c8-424e-4626-b3d0-3367f68149c5
f 1162/3015/713 1160/3016/713 1157/3017/713 1159/3018/713 
usemtl mtl_default
f 1155/3019/714 1156/3020/714 1158/3021/714 1161/3022/714 

#VSize: 8, VTSize: 24, VNSize: 6, FSize: 6
v 12.267339 12.368790 -0.117382
v 12.267339 12.368790 -1.379751
v 12.494123 12.493678 -1.379751
v 12.494123 12.493678 -0.117382
v 12.145985 12.589159 -1.379751
v 12.145985 12.589160 -0.117382
v 12.372768 12.714046 -0.117382
v 12.372768 12.714046 -1.379751

vt 0.0000 1.0000
vt 0.0000 0.0000
vt 1.0000 0.0000
vt 1.0000 1.0000
vt 0.0000 0.0000
vt 1.0000 0.0000
vt 1.0000 1.0000
vt 0.0000 1.0000
vt 0.6514 1.0000
vt 0.0000 0.6383
vt 0.3486 0.0000
vt 1.0000 0.3617
vt 1.0000 0.0000
vt 1.0000 1.0000
vt 0.0000 1.0000
vt 0.0000 0.0000
vt 0.0000 0.0000
vt 0.0000 0.0000
vt 0.0000 0.0000
vt 0.0000 0.0000
vt 1.0000 1.0000
vt 0.0000 1.0000
vt 0.0000 0.0000
vt 1.0000 0.0000

vn 0.4824 -0.8760 0.0000
vn -0.8760 -0.4824 0.0000
vn 0.0000 0.0000 1.0000
vn 0.8760 0.4824 0.0000
vn 0.0000 0.0000 -1.0000
vn -0.4824 0.8760 -0.0000

o 交通组7号推演三维模型_97
g 交通组7号推演三维模型

usemtl fa9e728b-e874-4132-8fb8-d30c20882b79
f 1165/3023/715 1166/3024/715 1167/3025/715 1168/3026/715 
usemtl 049470ec-e77d-4e4b-aafd-0cf6f37ac47a
f 1169/3027/716 1166/3028/716 1165/3029/716 1170/3030/716 
usemtl c62f06d7-9297-4d6f-9abe-1898a6feb2ae
f 1171/3031/717 1170/3032/717 1165/3033/717 1168/3034/717 
usemtl 662741a3-d302-4076-b929-ea9078955462
f 1172/3035/718 1171/3036/718 1168/3037/718 1167/3038/718 
usemtl mtl_default
f 1166/3039/719 1169/3040/719 1172/3041/719 1167/3042/719 
usemtl b3d93a73-a8df-45e7-859b-540712324776
f 1170/3043/720 1171/3044/720 1172/3045/720 1169/3046/720 

#VSize: 12, VTSize: 36, VNSize: 9, FSize: 9
v 21.482435 17.576648 -0.117382
v 21.482435 17.576648 -1.379750
v 22.705316 18.255444 -1.379750
v 22.705316 18.255444 -0.117382
v 22.650472 18.354247 -0.117382
v 22.650472 18.354246 -1.379750
v 21.427593 17.675450 -1.379750
v 21.427593 17.675450 -0.117382
v 21.455015 17.626049 -1.379751
v 22.677896 18.304844 -1.379751
v 22.677896 18.304844 -0.117382
v 21.455015 17.626049 -0.117382

vt 1.0000 1.0000
vt 1.0000 0.0000
vt 0.5000 0.0000
vt 0.5000 1.0000
vt 0.5000 1.0000
vt 0.5000 0.0000
vt 0.0000 0.0000
vt 0.0000 1.0000
vt 0.0000 0.0000
vt 0.0000 0.0000
vt 0.0000 0.0000
vt 0.0000 0.0000
vt 0.0000 0.0000
vt 0.0000 0.0000
vt 0.0000 0.0000
vt 0.0000 0.0000
vt 0.0000 0.0000
vt 0.0000 0.0000
vt 0.0000 0.0000
vt 0.0000 0.0000
vt 0.0000 0.0000
vt 0.0000 0.0000
vt 0.0000 0.0000
vt 0.0000 0.0000
vt 0.5000 0.5000
vt 0.9891 0.9658
vt 1.0000 0.9317
vt 0.5109 0.4658
vt 0.5000 0.5000
vt 0.4891 0.5342
vt 0.9782 1.0000
vt 0.9891 0.9658
vt 0.0000 0.0000
vt 0.0000 0.0000
vt 0.0000 0.0000
vt 0.0000 0.0000

vn 0.4853 -0.8743 0.0000
vn -0.4853 0.8743 -0.0000
vn 0.0000 -0.0000 -1.0000
vn 0.8743 0.4853 0.0000
vn -0.0000 0.0000 -1.0000
vn 0.4853 -0.8743 0.0000
vn 0.0000 0.0000 1.0000
vn 0.0000 0.0000 1.0000
vn 0.8743 0.4854 -0.0000

o 交通组7号推演三维模型_98
g 交通组7号推演三维模型

usemtl ce26b266-2f57-41ff-8235-768896f168d1
f 1173/3047/721 1174/3048/721 1175/3049/721 1176/3050/721 
usemtl f0e22b69-69ed-456d-902f-0580a5c73742
f 1177/3051/722 1178/3052/722 1179/3053/722 1180/3054/722 
usemtl mtl_default
f 1175/3055/723 1174/3056/723 1181/3057/723 1182/3058/723 
f 1176/3059/724 1175/3060/724 1182/3061/724 1183/3062/724 
f 1178/3063/725 1182/3064/725 1181/3065/725 1179/3066/725 
f 1183/3067/726 1184/3068/726 1181/3069/726 1182/3070/726 
usemtl fe719946-2d97-46fe-8c0d-50e19515b4e3
f 1183/3071/727 1184/3072/727 1173/3073/727 1176/3074/727 
f 1183/3075/728 1177/3076/728 1180/3077/728 1184/3078/728 
usemtl mtl_default
f 1183/3079/729 1182/3080/729 1178/3081/729 1177/3082/729 

#VSize: 16, VTSize: 40, VNSize: 9, FSize: 9
v 26.487139 8.436737 -0.029177
v 26.434909 8.478400 -0.029177
v 26.368779 8.470877 -0.029177
v 26.327315 8.418814 -0.029177
v 26.334786 8.352677 -0.029177
v 26.386817 8.311173 -0.029177
v 26.452960 8.318591 -0.029177
v 26.494504 8.370588 -0.029177
v 26.334786 8.352677 -0.117382
v 26.386817 8.311173 -0.117382
v 26.452960 8.318591 -0.117382
v 26.494504 8.370588 -0.117382
v 26.487139 8.436737 -0.117382
v 26.434909 8.478400 -0.117382
v 26.368779 8.470877 -0.117382
v 26.327315 8.418814 -0.117382

vt 0.0000 0.0000
vt 0.0000 0.0000
vt 0.0000 0.0000
vt 0.0000 0.0000
vt 0.0000 0.0000
vt 0.0000 0.0000
vt 0.0000 0.0000
vt 0.0000 0.0000
vt 0.3559 1.0000
vt 0.0447 1.0000
vt 0.0447 0.0000
vt 0.3559 0.0000
vt 1.0000 1.0000
vt 0.7515 1.0000
vt 0.7515 0.0000
vt 1.0000 0.0000
vt 0.3565 1.0000
vt 0.0440 1.0000
vt 0.0440 0.0000
vt 0.3565 0.0000
vt 0.7520 1.0000
vt 0.3565 1.0000
vt 0.3565 0.0000
vt 0.7520 0.0000
vt 0.7518 1.0000
vt 0.3563 1.0000
vt 0.3563 0.0000
vt 0.7518 0.0000
vt 0.7515 1.0000
vt 0.3559 1.0000
vt 0.3559 0.0000
vt 0.7515 0.0000
vt 0.7509 1.0000
vt 0.3553 1.0000
vt 0.3553 0.0000
vt 0.7509 0.0000
vt 1.0000 1.0000
vt 0.7520 1.0000
vt 0.7520 0.0000
vt 1.0000 0.0000

vn 0.0000 0.0000 1.0000
vn -0.6236 -0.7818 0.0000
vn 0.7813 -0.6242 0.0000
vn 0.6236 0.7818 0.0000
vn -0.1130 0.9936 0.0000
vn -0.9937 -0.1122 0.0000
vn 0.1115 -0.9938 0.0000
vn 0.9939 0.1106 0.0000
vn -0.7822 0.6230 0.0000

o 交通组7号推演三维模型_99
g 交通组7号推演三维模型

usemtl mtl_default
f 1185/3083/730 1186/3084/730 1187/3085/730 1188/3086/730 1189/3087/730 1190/3088/730 1191/3089/730 1192/3090/730 
usemtl a2ba5d5f-a1b7-4f2b-bda4-4826e594708c
f 1190/3091/731 1189/3092/731 1193/3093/731 1194/3094/731 
f 1192/3095/732 1191/3096/732 1195/3097/732 1196/3098/732 
f 1186/3099/733 1185/3100/733 1197/3101/733 1198/3102/733 
f 1187/3103/734 1186/3104/734 1198/3105/734 1199/3106/734 
f 1189/3107/735 1188/3108/735 1200/3109/735 1193/3110/735 
f 1191/3111/736 1190/3112/736 1194/3113/736 1195/3114/736 
f 1185/3115/737 1192/3116/737 1196/3117/737 1197/3118/737 
f 1188/3119/738 1187/3120/738 1199/3121/738 1200/3122/738 

#VSize: 8, VTSize: 24, VNSize: 6, FSize: 6
v 16.548598 15.046480 -0.117382
v 16.774977 15.172101 -0.117382
v 16.774976 15.172101 -1.379751
v 16.548597 15.046480 -1.379751
v 16.670666 14.826505 -1.379751
v 16.670665 14.826505 -0.117382
v 16.897043 14.952126 -0.117382
v 16.897043 14.952126 -1.379751

vt 1.0000 1.0000
vt 0.0000 1.0000
vt 0.0000 0.0000
vt 1.0000 0.0000
vt 1.0000 0.0000
vt 1.0000 1.0000
vt 0.0000 1.0000
vt 0.0000 0.0000
vt 0.0000 0.6383
vt 0.3486 0.0000
vt 1.0000 0.3617
vt 0.6514 1.0000
vt 0.0000 0.0000
vt 0.0000 0.0000
vt 0.0000 0.0000
vt 0.0000 0.0000
vt 0.0000 0.0000
vt 0.0000 0.0000
vt 0.0000 0.0000
vt 0.0000 0.0000
vt 0.0000 1.0000
vt 0.0000 0.0000
vt 1.0000 0.0000
vt 1.0000 1.0000

vn -0.4852 0.8744 0.0000
vn -0.8744 -0.4852 0.0000
vn 0.0000 0.0000 1.0000
vn 0.8744 0.4852 -0.0000
vn 0.0000 0.0000 -1.0000
vn 0.4852 -0.8744 0.0000

o 交通组7号推演三维模型_100
g 交通组7号推演三维模型

usemtl 3b92234a-972c-4365-9291-1afdd94c635a
f 1201/3123/739 1202/3124/739 1203/3125/739 1204/3126/739 
usemtl a3121e47-7567-40b1-9e71-68a89b10728e
f 1205/3127/740 1206/3128/740 1201/3129/740 1204/3130/740 
usemtl 681213e5-dfe8-48e3-b6b3-618be78c8dd7
f 1207/3131/741 1202/3132/741 1201/3133/741 1206/3134/741 
usemtl mtl_default
f 1208/3135/742 1203/3136/742 1202/3137/742 1207/3138/742 
f 1204/3139/743 1203/3140/743 1208/3141/743 1205/3142/743 
usemtl bdb4ef7b-c643-488a-804a-f5d7d0b87883
f 1206/3143/744 1205/3144/744 1208/3145/744 1207/3146/744 

#VSize: 16, VTSize: 40, VNSize: 9, FSize: 9
v 23.937890 19.004237 -0.029177
v 23.990260 18.962749 -0.029177
v 24.056365 18.970493 -0.029177
v 24.097653 19.022696 -0.029177
v 24.089961 19.088806 -0.029177
v 24.037791 19.130136 -0.029177
v 23.971675 19.122497 -0.029177
v 23.930304 19.070360 -0.029177
v 24.089961 19.088806 -0.117382
v 24.037791 19.130136 -0.117382
v 23.971675 19.122497 -0.117382
v 23.930304 19.070360 -0.117382
v 23.937890 19.004237 -0.117382
v 23.990260 18.962749 -0.117382
v 24.056365 18.970493 -0.117382
v 24.097653 19.022696 -0.117382

vt 0.0000 0.0000
vt 0.0000 0.0000
vt 0.0000 0.0000
vt 0.0000 0.0000
vt 0.0000 0.0000
vt 0.0000 0.0000
vt 0.0000 0.0000
vt 0.0000 0.0000
vt 0.3546 1.0000
vt 0.7506 1.0000
vt 0.7506 0.0000
vt 0.3546 0.0000
vt 0.3547 1.0000
vt 0.7508 1.0000
vt 0.7508 0.0000
vt 0.3547 0.0000
vt 0.3536 1.0000
vt 0.7511 1.0000
vt 0.7511 0.0000
vt 0.3536 0.0000
vt 0.7503 1.0000
vt 1.0000 1.0000
vt 1.0000 0.0000
vt 0.7503 0.0000
vt 0.0435 1.0000
vt 0.3542 1.0000
vt 0.3542 0.0000
vt 0.0435 0.0000
vt 0.7508 1.0000
vt 1.0000 1.0000
vt 1.0000 0.0000
vt 0.7508 0.0000
vt 0.0436 1.0000
vt 0.3547 1.0000
vt 0.3547 0.0000
vt 0.0436 0.0000
vt 0.3542 1.0000
vt 0.7503 1.0000
vt 0.7503 0.0000
vt 0.3542 0.0000

vn 0.0000 0.0000 1.0000
vn 0.6210 0.7838 0.0000
vn -0.7833 0.6216 0.0000
vn -0.6210 -0.7838 0.0000
vn 0.1163 -0.9932 0.0000
vn 0.9933 0.1156 0.0000
vn -0.1148 0.9934 0.0000
vn -0.9935 -0.1140 0.0000
vn 0.7843 -0.6203 0.0000

o 交通组7号推演三维模型_101
g 交通组7号推演三维模型

usemtl mtl_default
f 1209/3147/745 1210/3148/745 1211/3149/745 1212/3150/745 1213/3151/745 1214/3152/745 1215/3153/745 1216/3154/745 
usemtl 13ed4d28-8096-4526-b589-a242c84f9276
f 1214/3155/746 1213/3156/746 1217/3157/746 1218/3158/746 
f 1216/3159/747 1215/3160/747 1219/3161/747 1220/3162/747 
f 1210/3163/748 1209/3164/748 1221/3165/748 1222/3166/748 
f 1211/3167/749 1210/3168/749 1222/3169/749 1223/3170/749 
f 1213/3171/750 1212/3172/750 1224/3173/750 1217/3174/750 
f 1215/3175/751 1214/3176/751 1218/3177/751 1219/3178/751 
f 1209/3179/752 1216/3180/752 1220/3181/752 1221/3182/752 
f 1212/3183/753 1211/3184/753 1223/3185/753 1224/3186/753 

#VSize: 16, VTSize: 40, VNSize: 9, FSize: 9
v 18.838124 16.173298 -0.029177
v 18.890223 16.131879 -0.029177
v 18.956352 16.139404 -0.029177
v 18.997813 16.191470 -0.029177
v 18.990340 16.257606 -0.029177
v 18.938308 16.299108 -0.029177
v 18.872166 16.291687 -0.029177
v 18.830623 16.239688 -0.029177
v 18.997813 16.191470 -0.117382
v 18.990340 16.257606 -0.117382
v 18.890223 16.131879 -0.117382
v 18.956352 16.139404 -0.117382
v 18.830623 16.239688 -0.117382
v 18.838124 16.173298 -0.117382
v 18.872166 16.291687 -0.117382
v 18.938308 16.299108 -0.117382

vt 0.0000 0.0000
vt 0.0000 0.0000
vt 0.0000 0.0000
vt 0.0000 0.0000
vt 0.0000 0.0000
vt 0.0000 0.0000
vt 0.0000 0.0000
vt 0.0000 0.0000
vt 0.3546 1.0000
vt 0.3546 0.0000
vt 0.7506 0.0000
vt 0.7506 1.0000
vt 0.3547 1.0000
vt 0.3547 0.0000
vt 0.7508 0.0000
vt 0.7508 1.0000
vt 0.3536 1.0000
vt 0.3536 0.0000
vt 0.7511 0.0000
vt 0.7511 1.0000
vt 0.7503 1.0000
vt 0.7503 0.0000
vt 1.0000 0.0000
vt 1.0000 1.0000
vt 0.0435 1.0000
vt 0.0435 0.0000
vt 0.3542 0.0000
vt 0.3542 1.0000
vt 0.7508 1.0000
vt 0.7508 0.0000
vt 1.0000 0.0000
vt 1.0000 1.0000
vt 0.0436 1.0000
vt 0.0436 0.0000
vt 0.3547 0.0000
vt 0.3547 1.0000
vt 0.3542 1.0000
vt 0.3542 0.0000
vt 0.7503 0.0000
vt 0.7503 1.0000

vn 0.0000 0.0000 1.0000
vn 0.9937 0.1123 0.0000
vn 0.1131 -0.9936 0.0000
vn -0.9937 -0.1123 0.0000
vn -0.7813 0.6242 0.0000
vn 0.6236 0.7818 0.0000
vn 0.7823 -0.6229 0.0000
vn -0.6223 -0.7828 0.0000
vn -0.1115 0.9938 0.0000

o 交通组7号推演三维模型_102
g 交通组7号推演三维模型

usemtl mtl_default
f 1225/3187/754 1226/3188/754 1227/3189/754 1228/3190/754 1229/3191/754 1230/3192/754 1231/3193/754 1232/3194/754 
usemtl 51d7f373-de3f-4157-8e4b-7e535d3a59a8
f 1228/3195/755 1233/3196/755 1234/3197/755 1229/3198/755 
f 1226/3199/756 1235/3200/756 1236/3201/756 1227/3202/756 
f 1232/3203/757 1237/3204/757 1238/3205/757 1225/3206/757 
f 1231/3207/758 1239/3208/758 1237/3209/758 1232/3210/758 
f 1229/3211/759 1234/3212/759 1240/3213/759 1230/3214/759 
f 1227/3215/760 1236/3216/760 1233/3217/760 1228/3218/760 
f 1225/3219/761 1238/3220/761 1235/3221/761 1226/3222/761 
f 1230/3223/762 1240/3224/762 1239/3225/762 1231/3226/762 

#VSize: 8, VTSize: 16, VNSize: 4, FSize: 4
v 29.266564 9.823796 -1.666296
v 26.668589 14.522750 -1.666296
v 23.993976 13.043999 -1.666296
v 26.591952 8.345045 -1.666296
v 23.993976 13.043998 -3.506224
v 26.591952 8.345044 -3.506224
v 25.046757 13.626064 -3.506224
v 27.644732 8.927110 -3.506224

vt 0.0000 1.0000
vt 1.0000 1.0000
vt 1.0000 0.0000
vt 0.0000 0.0000
vt 0.0000 0.0000
vt 0.2508 1.0000
vt 1.0000 1.0000
vt 0.7492 0.0000
vt 0.0000 1.0000
vt 1.0000 1.0000
vt 1.0000 0.0000
vt 0.6064 0.0000
vt 0.3493 0.1451
vt 0.7296 0.8126
vt 1.0000 0.6676
vt 0.6197 0.0000

vn -0.8751 -0.4839 0.0000
vn 0.6166 0.3409 -0.7096
vn 0.4839 -0.8751 0.0000
vn 0.0000 0.0000 -1.0000

o 交通组7号推演三维模型_103
g 交通组7号推演三维模型

usemtl 2fe7c338-1425-473c-bedc-4d1b5e9b17c1
f 1244/3227/763 1243/3228/763 1245/3229/763 1246/3230/763 
usemtl 55c2c3e4-f984-4125-b108-a6c4b70ac042
f 1247/3231/764 1242/3232/764 1241/3233/764 1248/3234/764 
usemtl 98f86c66-68fa-4dd3-a01b-009e688e8cd8
f 1241/3235/765 1244/3236/765 1246/3237/765 1248/3238/765 
usemtl 3f4beae3-002a-401e-8820-640b497fbb6e
f 1246/3239/766 1245/3240/766 1247/3241/766 1248/3242/766 

#VSize: 16, VTSize: 40, VNSize: 9, FSize: 9
v 16.661787 15.109290 0.215752
v 16.601913 15.033892 0.215752
v 16.612851 14.938236 0.215752
v 16.688202 14.878301 0.215752
v 16.783867 14.889164 0.215752
v 16.843862 14.964467 0.215752
v 16.833075 15.060141 0.215752
v 16.757820 15.120195 0.215752
v 16.833075 15.060141 -0.029177
v 16.757820 15.120195 -0.029177
v 16.783867 14.889164 -0.029177
v 16.843862 14.964467 -0.029177
v 16.612851 14.938236 -0.029177
v 16.688202 14.878301 -0.029177
v 16.661787 15.109290 -0.029177
v 16.601913 15.033892 -0.029177

vt 0.7513 0.0438
vt 1.0000 0.3550
vt 0.9560 0.7510
vt 0.6451 1.0000
vt 0.2492 0.9563
vt 0.0000 0.6455
vt 0.0433 0.2495
vt 0.3539 0.0000
vt 0.0433 1.0000
vt 0.0433 0.0000
vt 0.3539 0.0000
vt 0.3539 1.0000
vt 0.7508 1.0000
vt 0.7508 0.0000
vt 1.0000 0.0000
vt 1.0000 1.0000
vt 0.0440 1.0000
vt 0.0440 0.0000
vt 0.3549 0.0000
vt 0.3549 1.0000
vt 0.7513 1.0000
vt 0.7513 0.0000
vt 1.0000 0.0000
vt 1.0000 1.0000
vt 0.3545 1.0000
vt 0.3545 0.0000
vt 0.7505 0.0000
vt 0.7505 1.0000
vt 0.3549 1.0000
vt 0.3549 0.0000
vt 0.7508 0.0000
vt 0.7508 1.0000
vt 0.3550 1.0000
vt 0.3550 0.0000
vt 0.7510 0.0000
vt 0.7510 1.0000
vt 0.3539 1.0000
vt 0.3539 0.0000
vt 0.7513 0.0000
vt 0.7513 1.0000

vn 0.0000 0.0000 1.0000
vn 0.6237 0.7816 0.0000
vn 0.7821 -0.6231 0.0000
vn -0.6225 -0.7826 0.0000
vn -0.7831 0.6219 0.0000
vn 0.9937 0.1120 0.0000
vn 0.1128 -0.9936 0.0000
vn -0.9935 -0.1136 0.0000
vn -0.1128 0.9936 0.0000

o 交通组7号推演三维模型_104
g 交通组7号推演三维模型

usemtl 58e2627b-8901-457b-8afb-e4e3c1aa69dc
f 1249/3243/767 1250/3244/767 1251/3245/767 1252/3246/767 1253/3247/767 1254/3248/767 1255/3249/767 1256/3250/767 
usemtl ab0ec295-96e8-4fbf-9a4d-d77f4e535cb0
f 1255/3251/768 1257/3252/768 1258/3253/768 1256/3254/768 
f 1253/3255/769 1259/3256/769 1260/3257/769 1254/3258/769 
f 1251/3259/770 1261/3260/770 1262/3261/770 1252/3262/770 
f 1249/3263/771 1263/3264/771 1264/3265/771 1250/3266/771 
f 1254/3267/772 1260/3268/772 1257/3269/772 1255/3270/772 
f 1252/3271/773 1262/3272/773 1259/3273/773 1253/3274/773 
f 1250/3275/774 1264/3276/774 1261/3277/774 1251/3278/774 
f 1256/3279/775 1258/3280/775 1263/3281/775 1249/3282/775 

#VSize: 16, VTSize: 40, VNSize: 9, FSize: 9
v 26.350252 8.504951 0.215752
v 26.289940 8.429428 0.215752
v 26.300770 8.333760 0.215752
v 26.376051 8.273738 0.215752
v 26.471729 8.284492 0.215752
v 26.531809 8.359725 0.215752
v 26.521131 8.455411 0.215752
v 26.445945 8.515553 0.215752
v 26.289940 8.429428 -0.029177
v 26.300770 8.333760 -0.029177
v 26.376051 8.273738 -0.029177
v 26.471729 8.284492 -0.029177
v 26.531809 8.359725 -0.029177
v 26.521131 8.455411 -0.029177
v 26.445945 8.515553 -0.029177
v 26.350252 8.504951 -0.029177

vt 0.7506 0.0438
vt 1.0000 0.3562
vt 0.9552 0.7518
vt 0.6440 1.0000
vt 0.2484 0.9555
vt 0.0000 0.6444
vt 0.0441 0.2487
vt 0.3550 0.0000
vt 0.7518 1.0000
vt 0.3562 1.0000
vt 0.3562 0.2648
vt 0.7518 0.2648
vt 0.7516 1.0000
vt 0.3560 1.0000
vt 0.3560 0.2648
vt 0.7516 0.2648
vt 0.7513 1.0000
vt 0.3556 1.0000
vt 0.3556 0.2648
vt 0.7513 0.2648
vt 0.7506 1.0000
vt 0.3550 1.0000
vt 0.3550 0.2648
vt 0.7506 0.2648
vt 0.3560 1.0000
vt 0.0448 1.0000
vt 0.0448 0.2648
vt 0.3560 0.2648
vt 1.0000 1.0000
vt 0.7516 1.0000
vt 0.7516 0.2648
vt 1.0000 0.2648
vt 0.3550 1.0000
vt 0.0441 1.0000
vt 0.0441 0.2648
vt 0.3550 0.2648
vt 1.0000 1.0000
vt 0.7506 1.0000
vt 0.7506 0.2648
vt 1.0000 0.2648

vn 0.0000 0.0000 1.0000
vn -0.9937 -0.1125 0.0000
vn 0.1117 -0.9937 0.0000
vn 0.9938 0.1109 0.0000
vn -0.1101 0.9939 0.0000
vn -0.6234 -0.7819 0.0000
vn 0.7814 -0.6240 0.0000
vn 0.6247 0.7809 0.0000
vn -0.7814 0.6240 0.0000

o 交通组7号推演三维模型_105
g 交通组7号推演三维模型

usemtl b720da2e-8480-43e8-92cd-52b03b689608
f 1265/3283/776 1266/3284/776 1267/3285/776 1268/3286/776 1269/3287/776 1270/3288/776 1271/3289/776 1272/3290/776 
usemtl a2ba5d5f-a1b7-4f2b-bda4-4826e594708c
f 1267/3291/777 1266/3292/777 1273/3293/777 1274/3294/777 
f 1269/3295/778 1268/3296/778 1275/3297/778 1276/3298/778 
f 1271/3299/779 1270/3300/779 1277/3301/779 1278/3302/779 
f 1265/3303/780 1272/3304/780 1279/3305/780 1280/3306/780 
f 1268/3307/781 1267/3308/781 1274/3309/781 1275/3310/781 
f 1270/3311/782 1269/3312/782 1276/3313/782 1277/3314/782 
f 1272/3315/783 1271/3316/783 1278/3317/783 1279/3318/783 
f 1266/3319/784 1265/3320/784 1280/3321/784 1273/3322/784 

#VSize: 16, VTSize: 40, VNSize: 9, FSize: 9
v 21.039401 17.395351 -0.029177
v 21.091771 17.353863 -0.029177
v 21.157876 17.361607 -0.029177
v 21.199164 17.413810 -0.029177
v 21.191472 17.479920 -0.029177
v 21.139302 17.521250 -0.029177
v 21.073186 17.513611 -0.029177
v 21.031815 17.461474 -0.029177
v 21.191472 17.479920 -0.117382
v 21.139302 17.521250 -0.117382
v 21.073186 17.513611 -0.117382
v 21.031815 17.461474 -0.117382
v 21.039401 17.395351 -0.117382
v 21.091771 17.353863 -0.117382
v 21.157876 17.361607 -0.117382
v 21.199164 17.413810 -0.117382

vt 0.0000 0.0000
vt 0.0000 0.0000
vt 0.0000 0.0000
vt 0.0000 0.0000
vt 0.0000 0.0000
vt 0.0000 0.0000
vt 0.0000 0.0000
vt 0.0000 0.0000
vt 0.3546 1.0000
vt 0.7506 1.0000
vt 0.7506 0.0000
vt 0.3546 0.0000
vt 0.3547 1.0000
vt 0.7508 1.0000
vt 0.7508 0.0000
vt 0.3547 0.0000
vt 0.3536 1.0000
vt 0.7511 1.0000
vt 0.7511 0.0000
vt 0.3536 0.0000
vt 0.7503 1.0000
vt 1.0000 1.0000
vt 1.0000 0.0000
vt 0.7503 0.0000
vt 0.0435 1.0000
vt 0.3542 1.0000
vt 0.3542 0.0000
vt 0.0435 0.0000
vt 0.7508 1.0000
vt 1.0000 1.0000
vt 1.0000 0.0000
vt 0.7508 0.0000
vt 0.0436 1.0000
vt 0.3547 1.0000
vt 0.3547 0.0000
vt 0.0436 0.0000
vt 0.3542 1.0000
vt 0.7503 1.0000
vt 0.7503 0.0000
vt 0.3542 0.0000

vn 0.0000 0.0000 1.0000
vn 0.6210 0.7838 0.0000
vn -0.7833 0.6216 0.0000
vn -0.6210 -0.7838 0.0000
vn 0.1163 -0.9932 0.0000
vn 0.9933 0.1156 0.0000
vn -0.1148 0.9934 0.0000
vn -0.9935 -0.1140 0.0000
vn 0.7843 -0.6203 0.0000

o 交通组7号推演三维模型_106
g 交通组7号推演三维模型

usemtl mtl_default
f 1281/3323/785 1282/3324/785 1283/3325/785 1284/3326/785 1285/3327/785 1286/3328/785 1287/3329/785 1288/3330/785 
usemtl 51d7f373-de3f-4157-8e4b-7e535d3a59a8
f 1286/3331/786 1285/3332/786 1289/3333/786 1290/3334/786 
f 1288/3335/787 1287/3336/787 1291/3337/787 1292/3338/787 
f 1282/3339/788 1281/3340/788 1293/3341/788 1294/3342/788 
f 1283/3343/789 1282/3344/789 1294/3345/789 1295/3346/789 
f 1285/3347/790 1284/3348/790 1296/3349/790 1289/3350/790 
f 1287/3351/791 1286/3352/791 1290/3353/791 1291/3354/791 
f 1281/3355/792 1288/3356/792 1292/3357/792 1293/3358/792 
f 1284/3359/793 1283/3360/793 1295/3361/793 1296/3362/793 

#VSize: 16, VTSize: 40, VNSize: 9, FSize: 9
v 13.275519 6.230110 -3.506224
v 14.186240 6.333050 -3.506224
v 14.903235 5.762147 -3.506224
v 15.006901 4.851508 -3.506224
v 14.436569 4.134059 -3.506224
v 13.526013 4.029669 -3.506224
v 12.808110 4.599428 -3.506224
v 12.702994 5.509901 -3.506224
v 14.186240 6.333050 -2.654376
v 14.903235 5.762147 -2.654376
v 12.702994 5.509901 -2.654376
v 13.275519 6.230110 -2.654376
v 12.808110 4.599428 -2.654376
v 14.436569 4.134059 -2.654376
v 13.526013 4.029669 -2.654376
v 15.006901 4.851508 -2.654376

vt 0.7517 0.9557
vt 1.0000 0.6444
vt 0.9556 0.2486
vt 0.6445 0.0000
vt 0.2488 0.0441
vt 0.0000 0.3551
vt 0.0438 0.7509
vt 0.3545 1.0000
vt 0.7514 0.0000
vt 0.3556 0.0000
vt 0.3556 1.0000
vt 0.7514 1.0000
vt 0.7517 0.0000
vt 0.3545 0.0000
vt 0.3545 1.0000
vt 0.7517 1.0000
vt 0.3545 0.0000
vt 0.0438 0.0000
vt 0.0438 1.0000
vt 0.3545 1.0000
vt 1.0000 0.0000
vt 0.7512 0.0000
vt 0.7512 1.0000
vt 1.0000 1.0000
vt 0.3555 0.0000
vt 0.0444 0.0000
vt 0.0444 1.0000
vt 0.3555 1.0000
vt 1.0000 0.0000
vt 0.7517 0.0000
vt 0.7517 1.0000
vt 1.0000 1.0000
vt 0.7509 0.0000
vt 0.3551 0.0000
vt 0.3551 1.0000
vt 0.7509 1.0000
vt 0.7512 0.0000
vt 0.3555 0.0000
vt 0.3555 1.0000
vt 0.7512 1.0000

vn 0.0000 0.0000 -1.0000
vn 0.6229 0.7823 0.0000
vn -0.7828 0.6223 0.0000
vn -0.9934 -0.1147 0.0000
vn 0.1139 -0.9935 0.0000
vn 0.9936 0.1131 0.0000
vn -0.1123 0.9937 0.0000
vn -0.6217 -0.7833 0.0000
vn 0.7828 -0.6223 0.0000

o 交通组7号推演三维模型_107
g 交通组7号推演三维模型

usemtl b6757df2-67cf-47ff-a716-9ac96f08ba55
f 1297/3363/794 1298/3364/794 1299/3365/794 1300/3366/794 1301/3367/794 1302/3368/794 1303/3369/794 1304/3370/794 
f 1299/3371/795 1298/3372/795 1305/3373/795 1306/3374/795 
f 1297/3375/796 1304/3376/796 1307/3377/796 1308/3378/796 
f 1304/3379/797 1303/3380/797 1309/3381/797 1307/3382/797 
f 1302/3383/798 1301/3384/798 1310/3385/798 1311/3386/798 
f 1300/3387/799 1299/3388/799 1306/3389/799 1312/3390/799 
f 1298/3391/800 1297/3392/800 1308/3393/800 1305/3394/800 
f 1303/3395/801 1302/3396/801 1311/3397/801 1309/3398/801 
f 1301/3399/802 1300/3400/802 1312/3401/802 1310/3402/802 

#VSize: 16, VTSize: 40, VNSize: 9, FSize: 9
v 17.299473 3.534723 0.215752
v 17.239609 3.459317 0.215752
v 17.250560 3.363662 0.215752
v 17.325918 3.303737 0.215752
v 17.421581 3.314613 0.215752
v 17.481566 3.389923 0.215752
v 17.470767 3.485595 0.215752
v 17.395505 3.545640 0.215752
v 17.470767 3.485595 -0.029177
v 17.395505 3.545640 -0.029177
v 17.421581 3.314613 -0.029177
v 17.481566 3.389923 -0.029177
v 17.250560 3.363662 -0.029177
v 17.325918 3.303737 -0.029177
v 17.299473 3.534723 -0.029177
v 17.239609 3.459317 -0.029177

vt 0.7506 0.0438
vt 0.3550 0.0000
vt 0.0441 0.2487
vt 0.0000 0.6444
vt 0.2484 0.9555
vt 0.6440 1.0000
vt 0.9552 0.7518
vt 1.0000 0.3562
vt 0.7518 1.0000
vt 0.7518 0.0000
vt 0.3562 0.0000
vt 0.3562 1.0000
vt 0.7516 1.0000
vt 0.7516 0.0000
vt 0.3560 0.0000
vt 0.3560 1.0000
vt 0.7513 1.0000
vt 0.7513 0.0000
vt 0.3556 0.0000
vt 0.3556 1.0000
vt 0.7506 1.0000
vt 0.7506 0.0000
vt 0.3550 0.0000
vt 0.3550 1.0000
vt 0.3560 1.0000
vt 0.3560 0.0000
vt 0.0448 0.0000
vt 0.0448 1.0000
vt 1.0000 1.0000
vt 1.0000 0.0000
vt 0.7516 0.0000
vt 0.7516 1.0000
vt 0.3550 1.0000
vt 0.3550 0.0000
vt 0.0441 0.0000
vt 0.0441 1.0000
vt 1.0000 1.0000
vt 1.0000 0.0000
vt 0.7506 0.0000
vt 0.7506 1.0000

vn 0.0000 0.0000 1.0000
vn 0.6237 0.7817 0.0000
vn 0.7822 -0.6230 0.0000
vn -0.6224 -0.7827 0.0000
vn -0.7832 0.6218 0.0000
vn 0.9937 0.1122 0.0000
vn 0.1130 -0.9936 0.0000
vn -0.9935 -0.1137 0.0000
vn -0.1130 0.9936 0.0000

o 交通组7号推演三维模型_108
g 交通组7号推演三维模型

usemtl 8005183f-361e-4e86-a4cd-350a2ebcd200
f 1313/3403/803 1314/3404/803 1315/3405/803 1316/3406/803 1317/3407/803 1318/3408/803 1319/3409/803 1320/3410/803 
usemtl 39e699ff-13a5-4639-83c0-a164c7e2550d
f 1319/3411/804 1321/3412/804 1322/3413/804 1320/3414/804 
f 1317/3415/805 1323/3416/805 1324/3417/805 1318/3418/805 
f 1315/3419/806 1325/3420/806 1326/3421/806 1316/3422/806 
f 1313/3423/807 1327/3424/807 1328/3425/807 1314/3426/807 
f 1318/3427/808 1324/3428/808 1321/3429/808 1319/3430/808 
f 1316/3431/809 1326/3432/809 1323/3433/809 1317/3434/809 
f 1314/3435/810 1328/3436/810 1325/3437/810 1315/3438/810 
f 1320/3439/811 1322/3440/811 1327/3441/811 1313/3442/811 

#VSize: 10, VTSize: 26, VNSize: 6, FSize: 6
v 6.648012 9.589065 -2.654376
v 9.245998 4.890099 -2.654376
v 9.245998 4.890100 -3.506225
v 6.648012 9.589065 -3.506224
v 7.886012 4.138184 -2.654376
v 7.886012 4.138184 -3.506224
v 5.288026 8.837145 -2.654375
v 6.405036 6.816829 -2.654375
v 5.288026 8.837145 -3.506223
v 6.405036 6.816829 -3.506223

vt 0.6853 1.0000
vt 0.3427 1.0000
vt 0.3427 0.0000
vt 0.6853 0.0000
vt 0.6573 1.0000
vt 0.3427 1.0000
vt 0.3427 0.0000
vt 0.6573 0.0000
vt 0.3147 1.0000
vt 0.0000 0.8769
vt 0.0000 0.8769
vt 0.3427 0.4385
vt 0.6573 0.5615
vt 0.0000 0.0000
vt 0.0000 1.0000
vt 1.0000 1.0000
vt 1.0000 0.0000
vt 0.3803 1.0000
vt 0.7296 0.8126
vt 0.3493 0.1451
vt 0.3493 0.1451
vt 0.0000 0.3324
vt 0.0000 0.0000
vt 0.0000 0.0000
vt 0.0000 0.0000
vt 0.0000 0.0000

vn 0.8751 0.4839 0.0000
vn 0.4839 -0.8751 -0.0000
vn 0.0000 0.0000 1.0000
vn -0.4839 0.8751 0.0000
vn -0.0000 -0.0000 -1.0000
vn -0.8751 -0.4839 0.0000

o 交通组7号推演三维模型_109
g 交通组7号推演三维模型

usemtl 56adfe4c-f631-4f23-afad-1acd9ea81441
f 1329/3443/812 1330/3444/812 1331/3445/812 1332/3446/812 
f 1330/3447/813 1333/3448/813 1334/3449/813 1331/3450/813 
f 1329/3451/814 1335/3452/814 1336/3453/814 1333/3454/814 1330/3455/814 
f 1337/3456/815 1335/3457/815 1329/3458/815 1332/3459/815 
f 1331/3460/816 1334/3461/816 1338/3462/816 1337/3463/816 1332/3464/816 
usemtl mtl_default
f 1335/3465/817 1337/3466/817 1338/3467/817 1336/3468/817 

#VSize: 16, VTSize: 40, VNSize: 9, FSize: 9
v 7.977575 10.168678 -0.029177
v 7.925339 10.210336 -0.029177
v 7.859210 10.202805 -0.029177
v 7.817754 10.150736 -0.029177
v 7.825232 10.084601 -0.029177
v 7.877268 10.043103 -0.029177
v 7.943409 10.050528 -0.029177
v 7.984948 10.102531 -0.029177
v 7.825232 10.084601 -0.117382
v 7.877268 10.043103 -0.117382
v 7.943409 10.050528 -0.117382
v 7.984948 10.102531 -0.117382
v 7.977575 10.168678 -0.117382
v 7.925339 10.210336 -0.117382
v 7.859210 10.202805 -0.117382
v 7.817754 10.150736 -0.117382

vt 0.0000 0.0000
vt 0.0000 0.0000
vt 0.0000 0.0000
vt 0.0000 0.0000
vt 0.0000 0.0000
vt 0.0000 0.0000
vt 0.0000 0.0000
vt 0.0000 0.0000
vt 0.3546 1.0000
vt 0.7506 1.0000
vt 0.7506 0.0000
vt 0.3546 0.0000
vt 0.3547 1.0000
vt 0.7508 1.0000
vt 0.7508 0.0000
vt 0.3547 0.0000
vt 0.3536 1.0000
vt 0.7511 1.0000
vt 0.7511 0.0000
vt 0.3536 0.0000
vt 0.7503 1.0000
vt 1.0000 1.0000
vt 1.0000 0.0000
vt 0.7503 0.0000
vt 0.0435 1.0000
vt 0.3542 1.0000
vt 0.3542 0.0000
vt 0.0435 0.0000
vt 0.7508 1.0000
vt 1.0000 1.0000
vt 1.0000 0.0000
vt 0.7508 0.0000
vt 0.0436 1.0000
vt 0.3547 1.0000
vt 0.3547 0.0000
vt 0.0436 0.0000
vt 0.3542 1.0000
vt 0.7503 1.0000
vt 0.7503 0.0000
vt 0.3542 0.0000

vn 0.0000 0.0000 1.0000
vn -0.6235 -0.7818 0.0000
vn 0.7813 -0.6241 0.0000
vn 0.6235 0.7818 0.0000
vn -0.1132 0.9936 0.0000
vn -0.9937 -0.1124 0.0000
vn 0.1116 -0.9938 0.0000
vn 0.9938 0.1108 0.0000
vn -0.7823 0.6229 0.0000

o 交通组7号推演三维模型_110
g 交通组7号推演三维模型

usemtl mtl_default
f 1339/3469/818 1340/3470/818 1341/3471/818 1342/3472/818 1343/3473/818 1344/3474/818 1345/3475/818 1346/3476/818 
usemtl 51d7f373-de3f-4157-8e4b-7e535d3a59a8
f 1344/3477/819 1343/3478/819 1347/3479/819 1348/3480/819 
f 1346/3481/820 1345/3482/820 1349/3483/820 1350/3484/820 
f 1340/3485/821 1339/3486/821 1351/3487/821 1352/3488/821 
f 1341/3489/822 1340/3490/822 1352/3491/822 1353/3492/822 
f 1343/3493/823 1342/3494/823 1354/3495/823 1347/3496/823 
f 1345/3497/824 1344/3498/824 1348/3499/824 1349/3500/824 
f 1339/3501/825 1346/3502/825 1350/3503/825 1351/3504/825 
f 1342/3505/826 1341/3506/826 1353/3507/826 1354/3508/826 

#VSize: 12, VTSize: 36, VNSize: 9, FSize: 9
v 10.397571 -0.394467 -0.117382
v 10.397571 -0.394467 -1.379750
v 9.174691 -1.073264 -1.379750
v 9.174691 -1.073264 -0.117382
v 9.229534 -1.172066 -0.117382
v 9.229534 -1.172066 -1.379750
v 10.452414 -0.493268 -1.379750
v 10.452414 -0.493268 -0.117382
v 10.424993 -0.443867 -1.379751
v 9.202112 -1.122665 -1.379751
v 9.202112 -1.122665 -0.117382
v 10.424993 -0.443867 -0.117382

vt 1.0000 1.0000
vt 1.0000 0.0000
vt 0.5000 0.0000
vt 0.5000 1.0000
vt 0.5000 1.0000
vt 0.5000 0.0000
vt 0.0000 0.0000
vt 0.0000 1.0000
vt 0.0000 0.0000
vt 0.0000 0.0000
vt 0.0000 0.0000
vt 0.0000 0.0000
vt 0.0000 0.0000
vt 0.0000 0.0000
vt 0.0000 0.0000
vt 0.0000 0.0000
vt 0.0000 0.0000
vt 0.0000 0.0000
vt 0.0000 0.0000
vt 0.0000 0.0000
vt 0.0000 0.0000
vt 0.0000 0.0000
vt 0.0000 0.0000
vt 0.0000 0.0000
vt 0.5000 0.5000
vt 0.9891 0.9658
vt 1.0000 0.9317
vt 0.5109 0.4658
vt 0.5000 0.5000
vt 0.4891 0.5342
vt 0.9782 1.0000
vt 0.9891 0.9658
vt 0.0000 0.0000
vt 0.0000 0.0000
vt 0.0000 0.0000
vt 0.0000 0.0000

vn -0.4853 0.8743 0.0000
vn 0.4853 -0.8743 0.0000
vn -0.0000 0.0000 -1.0000
vn -0.8743 -0.4853 0.0000
vn 0.0000 -0.0000 -1.0000
vn -0.4853 0.8743 0.0000
vn 0.0000 0.0000 1.0000
vn 0.0000 0.0000 1.0000
vn -0.8743 -0.4853 0.0000

o 交通组7号推演三维模型_111
g 交通组7号推演三维模型

usemtl ce26b266-2f57-41ff-8235-768896f168d1
f 1355/3509/827 1356/3510/827 1357/3511/827 1358/3512/827 
usemtl f0e22b69-69ed-456d-902f-0580a5c73742
f 1359/3513/828 1360/3514/828 1361/3515/828 1362/3516/828 
usemtl mtl_default
f 1357/3517/829 1356/3518/829 1363/3519/829 1364/3520/829 
f 1358/3521/830 1357/3522/830 1364/3523/830 1365/3524/830 
f 1360/3525/831 1364/3526/831 1363/3527/831 1361/3528/831 
f 1365/3529/832 1366/3530/832 1363/3531/832 1364/3532/832 
usemtl fe719946-2d97-46fe-8c0d-50e19515b4e3
f 1365/3533/833 1366/3534/833 1355/3535/833 1358/3536/833 
f 1365/3537/834 1359/3538/834 1362/3539/834 1366/3540/834 
usemtl mtl_default
f 1365/3541/835 1364/3542/835 1360/3543/835 1359/3544/835 

#VSize: 8, VTSize: 16, VNSize: 4, FSize: 4
v 17.421020 5.912412 -1.666296
v 16.895194 6.863471 -2.654376
v 18.012140 4.843146 -2.654376
v 18.537967 3.892087 -1.666296
v 25.474952 10.365369 -1.666296
v 24.949125 11.316428 -2.654376
v 26.066131 9.296106 -2.654376
v 26.591959 8.345048 -1.666296

vt 0.0000 0.0000
vt 0.0000 0.0000
vt 0.0000 0.0000
vt 0.0000 0.0000
vt 0.0000 0.0000
vt 0.0000 0.0000
vt 0.0000 0.0000
vt 0.0000 0.0000
vt 0.5463 0.6251
vt 0.0925 1.0000
vt 0.0296 0.8299
vt 0.4833 0.4550
vt 0.4833 0.4550
vt 0.0296 0.8299
vt 0.0000 0.7498
vt 0.4537 0.3749

vn -0.8752 -0.4838 0.0000
vn -0.3255 0.5887 0.7399
vn 0.0000 0.0000 -1.0000
vn 0.3255 -0.5887 -0.7399

o 交通组7号推演三维模型_112
g 交通组7号推演三维模型

usemtl mtl_default
f 1367/3545/836 1368/3546/836 1369/3547/836 1370/3548/836 
f 1367/3549/837 1371/3550/837 1372/3551/837 1368/3552/837 
usemtl c71e67c9-cba5-4b95-a0a7-383c260c2700
f 1368/3553/838 1372/3554/838 1373/3555/838 1369/3556/838 
f 1369/3557/839 1373/3558/839 1374/3559/839 1370/3560/839 

#VSize: 12, VTSize: 36, VNSize: 9, FSize: 9
v 19.664168 4.743540 -0.117382
v 19.691434 4.694037 -0.117382
v 21.669944 5.783923 -0.117382
v 21.642682 5.833412 -0.117382
v 19.718696 4.644548 -1.379750
v 19.718696 4.644548 -0.117382
v 19.691434 4.694037 -1.379751
v 21.669944 5.783923 -1.379751
v 21.697206 5.734433 -1.379750
v 21.697206 5.734433 -0.117382
v 19.664169 4.743540 -1.379750
v 21.642683 5.833412 -1.379750

vt 0.9732 1.0000
vt 0.9866 0.9584
vt 0.0134 0.0416
vt 0.0000 0.0833
vt 0.0000 0.0000
vt 0.0000 0.0000
vt 0.0000 0.0000
vt 0.0000 0.0000
vt 0.0000 0.0000
vt 0.0000 0.0000
vt 0.0000 0.0000
vt 0.0000 0.0000
vt 0.0134 0.0416
vt 0.9866 0.9584
vt 1.0000 0.9167
vt 0.0268 0.0000
vt 0.0000 0.0000
vt 0.0000 0.0000
vt 0.0000 0.0000
vt 0.0000 0.0000
vt 0.0000 0.0000
vt 0.0000 1.0000
vt 1.0000 1.0000
vt 1.0000 0.0000
vt 0.0000 0.0000
vt 0.0000 0.0000
vt 0.0000 0.0000
vt 0.0000 0.0000
vt 0.0000 1.0000
vt 1.0000 1.0000
vt 1.0000 0.0000
vt 0.0000 0.0000
vt 0.0000 0.0000
vt 0.0000 0.0000
vt 0.0000 0.0000
vt 0.0000 0.0000

vn 0.0000 0.0000 1.0000
vn -0.8759 -0.4825 0.0000
vn 0.0000 -0.0000 -1.0000
vn 0.0000 0.0000 1.0000
vn -0.8759 -0.4824 -0.0000
vn -0.4825 0.8759 -0.0000
vn -0.0000 0.0000 -1.0000
vn 0.4825 -0.8759 0.0000
vn -0.4825 0.8759 0.0000

o 交通组7号推演三维模型_113
g 交通组7号推演三维模型

usemtl e750f405-f351-4551-bdc4-a39dd8b18577
f 1375/3561/840 1376/3562/840 1377/3563/840 1378/3564/840 
usemtl mtl_default
f 1379/3565/841 1380/3566/841 1376/3567/841 1381/3568/841 
f 1379/3569/842 1381/3570/842 1382/3571/842 1383/3572/842 
usemtl e750f405-f351-4551-bdc4-a39dd8b18577
f 1377/3573/843 1376/3574/843 1380/3575/843 1384/3576/843 
usemtl mtl_default
f 1381/3577/844 1376/3578/844 1375/3579/844 1385/3580/844 
usemtl eafef049-3de1-4808-8202-9fea347a6534
f 1385/3581/845 1375/3582/845 1378/3583/845 1386/3584/845 
usemtl mtl_default
f 1386/3585/846 1382/3586/846 1381/3587/846 1385/3588/846 
usemtl 692db0c8-424e-4626-b3d0-3367f68149c5
f 1384/3589/847 1380/3590/847 1379/3591/847 1383/3592/847 
usemtl mtl_default
f 1377/3593/848 1382/3594/848 1381/3595/848 1376/3596/848 

#VSize: 12, VTSize: 36, VNSize: 9, FSize: 9
v 10.020531 11.229539 -0.117382
v 9.993265 11.279042 -0.117382
v 8.014755 10.189159 -0.117382
v 8.042016 10.139669 -0.117382
v 9.966004 11.328531 -1.379750
v 9.966004 11.328531 -0.117382
v 9.993265 11.279042 -1.379751
v 8.014755 10.189159 -1.379751
v 7.987493 10.238647 -1.379750
v 7.987493 10.238647 -0.117382
v 10.020530 11.229539 -1.379750
v 8.042016 10.139669 -1.379750

vt 0.9732 1.0000
vt 0.9866 0.9584
vt 0.0134 0.0416
vt 0.0000 0.0833
vt 0.0000 0.0000
vt 0.0000 0.0000
vt 0.0000 0.0000
vt 0.0000 0.0000
vt 0.0000 0.0000
vt 0.0000 0.0000
vt 0.0000 0.0000
vt 0.0000 0.0000
vt 0.0134 0.0416
vt 0.9866 0.9584
vt 1.0000 0.9167
vt 0.0268 0.0000
vt 0.0000 0.0000
vt 0.0000 0.0000
vt 0.0000 0.0000
vt 0.0000 0.0000
vt 0.0000 0.0000
vt 0.0000 1.0000
vt 1.0000 1.0000
vt 1.0000 0.0000
vt 0.0000 0.0000
vt 0.0000 0.0000
vt 0.0000 0.0000
vt 0.0000 0.0000
vt 0.0000 1.0000
vt 1.0000 1.0000
vt 1.0000 0.0000
vt 0.0000 0.0000
vt 0.0000 0.0000
vt 0.0000 0.0000
vt 0.0000 0.0000
vt 0.0000 0.0000

vn 0.0000 0.0000 1.0000
vn 0.8759 0.4825 0.0000
vn -0.0000 0.0000 -1.0000
vn 0.0000 0.0000 1.0000
vn 0.8759 0.4824 -0.0000
vn 0.4825 -0.8759 -0.0000
vn 0.0000 -0.0000 -1.0000
vn -0.4825 0.8759 0.0000
vn 0.4825 -0.8759 0.0000

o 交通组7号推演三维模型_114
g 交通组7号推演三维模型

usemtl e750f405-f351-4551-bdc4-a39dd8b18577
f 1387/3597/849 1388/3598/849 1389/3599/849 1390/3600/849 
usemtl mtl_default
f 1391/3601/850 1392/3602/850 1388/3603/850 1393/3604/850 
f 1391/3605/851 1393/3606/851 1394/3607/851 1395/3608/851 
usemtl e750f405-f351-4551-bdc4-a39dd8b18577
f 1389/3609/852 1388/3610/852 1392/3611/852 1396/3612/852 
usemtl mtl_default
f 1393/3613/853 1388/3614/853 1387/3615/853 1397/3616/853 
usemtl eafef049-3de1-4808-8202-9fea347a6534
f 1397/3617/854 1387/3618/854 1390/3619/854 1398/3620/854 
usemtl mtl_default
f 1398/3621/855 1394/3622/855 1393/3623/855 1397/3624/855 
usemtl 692db0c8-424e-4626-b3d0-3367f68149c5
f 1396/3625/856 1392/3626/856 1391/3627/856 1395/3628/856 
usemtl mtl_default
f 1389/3629/857 1394/3630/857 1393/3631/857 1388/3632/857 

#VSize: 16, VTSize: 40, VNSize: 9, FSize: 9
v 21.402879 17.453245 0.215752
v 21.462745 17.528650 0.215752
v 21.451793 17.624306 0.215752
v 21.376436 17.684231 0.215752
v 21.280773 17.673355 0.215752
v 21.220787 17.598045 0.215752
v 21.231586 17.502373 0.215752
v 21.306848 17.442328 0.215752
v 21.231586 17.502373 -0.029177
v 21.306848 17.442328 -0.029177
v 21.280773 17.673355 -0.029177
v 21.220787 17.598045 -0.029177
v 21.451793 17.624306 -0.029177
v 21.376436 17.684231 -0.029177
v 21.402879 17.453245 -0.029177
v 21.462745 17.528650 -0.029177

vt 0.7506 0.0438
vt 0.3550 0.0000
vt 0.0441 0.2487
vt 0.0000 0.6444
vt 0.2484 0.9555
vt 0.6440 1.0000
vt 0.9552 0.7518
vt 1.0000 0.3562
vt 0.7518 1.0000
vt 0.7518 0.2648
vt 0.3562 0.2648
vt 0.3562 1.0000
vt 0.7516 1.0000
vt 0.7516 0.2648
vt 0.3560 0.2648
vt 0.3560 1.0000
vt 0.7513 1.0000
vt 0.7513 0.2648
vt 0.3556 0.2648
vt 0.3556 1.0000
vt 0.7506 1.0000
vt 0.7506 0.2648
vt 0.3550 0.2648
vt 0.3550 1.0000
vt 0.3560 1.0000
vt 0.3560 0.2648
vt 0.0448 0.2648
vt 0.0448 1.0000
vt 1.0000 1.0000
vt 1.0000 0.2648
vt 0.7516 0.2648
vt 0.7516 1.0000
vt 0.3550 1.0000
vt 0.3550 0.2648
vt 0.0441 0.2648
vt 0.0441 1.0000
vt 1.0000 1.0000
vt 1.0000 0.2648
vt 0.7506 0.2648
vt 0.7506 1.0000

vn 0.0000 0.0000 1.0000
vn -0.6237 -0.7817 0.0000
vn -0.7822 0.6230 0.0000
vn 0.6224 0.7827 0.0000
vn 0.7832 -0.6218 0.0000
vn -0.9937 -0.1122 0.0000
vn -0.1130 0.9936 0.0000
vn 0.9935 0.1137 0.0000
vn 0.1130 -0.9936 0.0000

o 交通组7号推演三维模型_115
g 交通组7号推演三维模型

usemtl b720da2e-8480-43e8-92cd-52b03b689608
f 1399/3633/858 1400/3634/858 1401/3635/858 1402/3636/858 1403/3637/858 1404/3638/858 1405/3639/858 1406/3640/858 
usemtl a2ba5d5f-a1b7-4f2b-bda4-4826e594708c
f 1405/3641/859 1407/3642/859 1408/3643/859 1406/3644/859 
f 1403/3645/860 1409/3646/860 1410/3647/860 1404/3648/860 
f 1401/3649/861 1411/3650/861 1412/3651/861 1402/3652/861 
f 1399/3653/862 1413/3654/862 1414/3655/862 1400/3656/862 
f 1404/3657/863 1410/3658/863 1407/3659/863 1405/3660/863 
f 1402/3661/864 1412/3662/864 1409/3663/864 1403/3664/864 
f 1400/3665/865 1414/3666/865 1411/3667/865 1401/3668/865 
f 1406/3669/866 1408/3670/866 1413/3671/866 1399/3672/866 

#VSize: 12, VTSize: 36, VNSize: 9, FSize: 9
v 15.026690 2.174915 -0.117382
v 13.051580 1.078887 -0.117382
v 13.078996 1.029483 -0.117382
v 15.054115 2.125500 -0.117382
v 15.081531 2.076096 -1.379750
v 15.054115 2.125500 -1.379751
v 15.081531 2.076096 -0.117382
v 13.106411 0.980079 -1.379750
v 13.078996 1.029483 -1.379751
v 13.106411 0.980079 -0.117382
v 15.026690 2.174914 -1.379750
v 13.051581 1.078886 -1.379750

vt 0.9732 1.0000
vt 0.0000 0.0833
vt 0.0134 0.0416
vt 0.9866 0.9584
vt 0.0000 0.0000
vt 0.0000 0.0000
vt 0.0000 0.0000
vt 0.0000 0.0000
vt 0.0000 0.0000
vt 0.0000 0.0000
vt 0.0000 0.0000
vt 0.0000 0.0000
vt 0.0134 0.0416
vt 0.0268 0.0000
vt 1.0000 0.9167
vt 0.9866 0.9584
vt 0.0000 0.0000
vt 0.0000 0.0000
vt 0.0000 0.0000
vt 0.0000 0.0000
vt 0.0000 0.0000
vt 1.0000 0.0000
vt 1.0000 1.0000
vt 0.0000 1.0000
vt 0.0000 0.0000
vt 0.0000 0.0000
vt 0.0000 0.0000
vt 0.0000 0.0000
vt 0.0000 1.0000
vt 0.0000 0.0000
vt 1.0000 0.0000
vt 1.0000 1.0000
vt 0.0000 0.0000
vt 0.0000 0.0000
vt 0.0000 0.0000
vt 0.0000 0.0000

vn 0.0000 0.0000 1.0000
vn 0.8744 0.4852 0.0000
vn 0.0000 -0.0000 -1.0000
vn 0.0000 0.0000 1.0000
vn 0.8744 0.4853 -0.0000
vn -0.4852 0.8744 -0.0000
vn -0.0000 0.0000 -1.0000
vn 0.4852 -0.8744 0.0000
vn -0.4852 0.8744 0.0000

o 交通组7号推演三维模型_116
g 交通组7号推演三维模型

usemtl e750f405-f351-4551-bdc4-a39dd8b18577
f 1415/3673/867 1416/3674/867 1417/3675/867 1418/3676/867 
usemtl mtl_default
f 1419/3677/868 1420/3678/868 1418/3679/868 1421/3680/868 
f 1419/3681/869 1422/3682/869 1423/3683/869 1420/3684/869 
usemtl e750f405-f351-4551-bdc4-a39dd8b18577
f 1417/3685/870 1424/3686/870 1421/3687/870 1418/3688/870 
usemtl mtl_default
f 1420/3689/871 1425/3690/871 1415/3691/871 1418/3692/871 
usemtl eafef049-3de1-4808-8202-9fea347a6534
f 1425/3693/872 1426/3694/872 1416/3695/872 1415/3696/872 
usemtl mtl_default
f 1426/3697/873 1425/3698/873 1420/3699/873 1423/3700/873 
usemtl 692db0c8-424e-4626-b3d0-3367f68149c5
f 1424/3701/874 1422/3702/874 1419/3703/874 1421/3704/874 
usemtl mtl_default
f 1417/3705/875 1418/3706/875 1420/3707/875 1423/3708/875 

#VSize: 16, VTSize: 40, VNSize: 9, FSize: 9
v 29.027340 9.979212 0.215752
v 28.967224 9.904008 0.215752
v 28.977854 9.808317 0.215752
v 29.053009 9.748139 0.215752
v 29.148710 9.758693 0.215752
v 29.208946 9.833801 0.215752
v 29.198469 9.929510 0.215752
v 29.123409 9.989807 0.215752
v 29.198469 9.929510 -0.029177
v 29.123409 9.989807 -0.029177
v 29.148710 9.758693 -0.029177
v 29.208946 9.833801 -0.029177
v 28.977854 9.808317 -0.029177
v 29.053009 9.748139 -0.029177
v 29.027340 9.979212 -0.029177
v 28.967224 9.904008 -0.029177

vt 0.7513 0.0438
vt 1.0000 0.3550
vt 0.9560 0.7510
vt 0.6451 1.0000
vt 0.2492 0.9563
vt 0.0000 0.6455
vt 0.0433 0.2495
vt 0.3539 0.0000
vt 0.0433 1.0000
vt 0.0433 0.0000
vt 0.3539 0.0000
vt 0.3539 1.0000
vt 0.7508 1.0000
vt 0.7508 0.0000
vt 1.0000 0.0000
vt 1.0000 1.0000
vt 0.0440 1.0000
vt 0.0440 0.0000
vt 0.3549 0.0000
vt 0.3549 1.0000
vt 0.7513 1.0000
vt 0.7513 0.0000
vt 1.0000 0.0000
vt 1.0000 1.0000
vt 0.3545 1.0000
vt 0.3545 0.0000
vt 0.7505 0.0000
vt 0.7505 1.0000
vt 0.3549 1.0000
vt 0.3549 0.0000
vt 0.7508 0.0000
vt 0.7508 1.0000
vt 0.3550 1.0000
vt 0.3550 0.0000
vt 0.7510 0.0000
vt 0.7510 1.0000
vt 0.3539 1.0000
vt 0.3539 0.0000
vt 0.7513 0.0000
vt 0.7513 1.0000

vn 0.0000 0.0000 1.0000
vn 0.6263 0.7796 0.0000
vn 0.7801 -0.6256 0.0000
vn -0.6250 -0.7806 0.0000
vn -0.7811 0.6244 0.0000
vn 0.9941 0.1088 0.0000
vn 0.1096 -0.9940 0.0000
vn -0.9939 -0.1104 0.0000
vn -0.1096 0.9940 0.0000

o 交通组7号推演三维模型_117
g 交通组7号推演三维模型

usemtl 9b8d29a1-ecd9-4cd3-929c-2d595c49020a
f 1427/3709/876 1428/3710/876 1429/3711/876 1430/3712/876 1431/3713/876 1432/3714/876 1433/3715/876 1434/3716/876 
usemtl daaf5caf-fe21-4262-9540-36897213e2b2
f 1433/3717/877 1435/3718/877 1436/3719/877 1434/3720/877 
f 1431/3721/878 1437/3722/878 1438/3723/878 1432/3724/878 
f 1429/3725/879 1439/3726/879 1440/3727/879 1430/3728/879 
f 1427/3729/880 1441/3730/880 1442/3731/880 1428/3732/880 
f 1432/3733/881 1438/3734/881 1435/3735/881 1433/3736/881 
f 1430/3737/882 1440/3738/882 1437/3739/882 1431/3740/882 
f 1428/3741/883 1442/3742/883 1439/3743/883 1429/3744/883 
f 1434/3745/884 1436/3746/884 1441/3747/884 1427/3748/884 

#VSize: 16, VTSize: 40, VNSize: 9, FSize: 9
v 7.840679 10.236877 0.215752
v 7.780377 10.161346 0.215752
v 7.791218 10.065679 0.215752
v 7.866507 10.005667 0.215752
v 7.962183 10.016432 0.215752
v 8.022254 10.091673 0.215752
v 8.011565 10.187358 0.215752
v 7.936372 10.247489 0.215752
v 7.780377 10.161346 -0.029177
v 7.791218 10.065679 -0.029177
v 7.866507 10.005667 -0.029177
v 7.962183 10.016432 -0.029177
v 8.022254 10.091673 -0.029177
v 8.011565 10.187358 -0.029177
v 7.936372 10.247489 -0.029177
v 7.840679 10.236877 -0.029177

vt 0.7513 0.0438
vt 0.3539 0.0000
vt 0.0433 0.2495
vt 0.0000 0.6455
vt 0.2492 0.9563
vt 0.6451 1.0000
vt 0.9560 0.7510
vt 1.0000 0.3550
vt 0.0433 1.0000
vt 0.3539 1.0000
vt 0.3539 0.0000
vt 0.0433 0.0000
vt 0.7508 1.0000
vt 1.0000 1.0000
vt 1.0000 0.0000
vt 0.7508 0.0000
vt 0.0440 1.0000
vt 0.3549 1.0000
vt 0.3549 0.0000
vt 0.0440 0.0000
vt 0.7513 1.0000
vt 1.0000 1.0000
vt 1.0000 0.0000
vt 0.7513 0.0000
vt 0.3545 1.0000
vt 0.7505 1.0000
vt 0.7505 0.0000
vt 0.3545 0.0000
vt 0.3549 1.0000
vt 0.7508 1.0000
vt 0.7508 0.0000
vt 0.3549 0.0000
vt 0.3550 1.0000
vt 0.7510 1.0000
vt 0.7510 0.0000
vt 0.3550 0.0000
vt 0.3539 1.0000
vt 0.7513 1.0000
vt 0.7513 0.0000
vt 0.3539 0.0000

vn 0.0000 0.0000 1.0000
vn -0.9936 -0.1126 0.0000
vn 0.1118 -0.9937 0.0000
vn 0.9938 0.1110 0.0000
vn -0.1102 0.9939 0.0000
vn -0.6233 -0.7820 0.0000
vn 0.7815 -0.6239 0.0000
vn 0.6245 0.7810 0.0000
vn -0.7815 0.6239 0.0000

o 交通组7号推演三维模型_118
g 交通组7号推演三维模型

usemtl 58e2627b-8901-457b-8afb-e4e3c1aa69dc
f 1443/3749/885 1444/3750/885 1445/3751/885 1446/3752/885 1447/3753/885 1448/3754/885 1449/3755/885 1450/3756/885 
usemtl ab0ec295-96e8-4fbf-9a4d-d77f4e535cb0
f 1445/3757/886 1444/3758/886 1451/3759/886 1452/3760/886 
f 1447/3761/887 1446/3762/887 1453/3763/887 1454/3764/887 
f 1449/3765/888 1448/3766/888 1455/3767/888 1456/3768/888 
f 1443/3769/889 1450/3770/889 1457/3771/889 1458/3772/889 
f 1446/3773/890 1445/3774/890 1452/3775/890 1453/3776/890 
f 1448/3777/891 1447/3778/891 1454/3779/891 1455/3780/891 
f 1450/3781/892 1449/3782/892 1456/3783/892 1457/3784/892 
f 1444/3785/893 1443/3786/893 1458/3787/893 1451/3788/893 

#VSize: 16, VTSize: 40, VNSize: 9, FSize: 9
v 19.499269 4.750958 0.215752
v 19.438957 4.675435 0.215752
v 19.449786 4.579766 0.215752
v 19.525068 4.519745 0.215752
v 19.620746 4.530498 0.215752
v 19.680826 4.605731 0.215752
v 19.670150 4.701418 0.215752
v 19.594964 4.761558 0.215752
v 19.438957 4.675435 -0.029177
v 19.449786 4.579766 -0.029177
v 19.525068 4.519745 -0.029177
v 19.620746 4.530498 -0.029177
v 19.680826 4.605731 -0.029177
v 19.670150 4.701418 -0.029177
v 19.594964 4.761558 -0.029177
v 19.499269 4.750958 -0.029177

vt 0.7506 0.0438
vt 1.0000 0.3562
vt 0.9552 0.7518
vt 0.6440 1.0000
vt 0.2484 0.9555
vt 0.0000 0.6444
vt 0.0441 0.2487
vt 0.3550 0.0000
vt 0.7518 1.0000
vt 0.3562 1.0000
vt 0.3562 0.0000
vt 0.7518 0.0000
vt 0.7516 1.0000
vt 0.3560 1.0000
vt 0.3560 0.0000
vt 0.7516 0.0000
vt 0.7513 1.0000
vt 0.3556 1.0000
vt 0.3556 0.0000
vt 0.7513 0.0000
vt 0.7506 1.0000
vt 0.3550 1.0000
vt 0.3550 0.0000
vt 0.7506 0.0000
vt 0.3560 1.0000
vt 0.0448 1.0000
vt 0.0448 0.0000
vt 0.3560 0.0000
vt 1.0000 1.0000
vt 0.7516 1.0000
vt 0.7516 0.0000
vt 1.0000 0.0000
vt 0.3550 1.0000
vt 0.0441 1.0000
vt 0.0441 0.0000
vt 0.3550 0.0000
vt 1.0000 1.0000
vt 0.7506 1.0000
vt 0.7506 0.0000
vt 1.0000 0.0000

vn 0.0000 0.0000 1.0000
vn -0.9937 -0.1125 0.0000
vn 0.1117 -0.9937 0.0000
vn 0.9938 0.1109 0.0000
vn -0.1101 0.9939 0.0000
vn -0.6234 -0.7819 0.0000
vn 0.7814 -0.6240 0.0000
vn 0.6246 0.7809 0.0000
vn -0.7814 0.6240 0.0000

o 交通组7号推演三维模型_119
g 交通组7号推演三维模型

usemtl 8005183f-361e-4e86-a4cd-350a2ebcd200
f 1459/3789/894 1460/3790/894 1461/3791/894 1462/3792/894 1463/3793/894 1464/3794/894 1465/3795/894 1466/3796/894 
usemtl 39e699ff-13a5-4639-83c0-a164c7e2550d
f 1461/3797/895 1460/3798/895 1467/3799/895 1468/3800/895 
f 1463/3801/896 1462/3802/896 1469/3803/896 1470/3804/896 
f 1465/3805/897 1464/3806/897 1471/3807/897 1472/3808/897 
f 1459/3809/898 1466/3810/898 1473/3811/898 1474/3812/898 
f 1462/3813/899 1461/3814/899 1468/3815/899 1469/3816/899 
f 1464/3817/900 1463/3818/900 1470/3819/900 1471/3820/900 
f 1466/3821/901 1465/3822/901 1472/3823/901 1473/3824/901 
f 1460/3825/902 1459/3826/902 1474/3827/902 1467/3828/902 

#VSize: 12, VTSize: 36, VNSize: 9, FSize: 9
v 23.928199 18.934236 -0.117382
v 22.705316 18.255444 -0.117382
v 22.705316 18.255444 -1.379750
v 23.928199 18.934236 -1.379750
v 22.650472 18.354247 -0.117382
v 23.873357 19.033038 -0.117382
v 23.873357 19.033038 -1.379750
v 22.650474 18.354247 -1.379750
v 22.677894 18.304844 -1.379751
v 23.900777 18.983637 -1.379751
v 22.677894 18.304844 -0.117382
v 23.900777 18.983637 -0.117382

vt 0.0000 1.0000
vt 0.5000 1.0000
vt 0.5000 0.0000
vt 0.0000 0.0000
vt 0.5000 1.0000
vt 1.0000 1.0000
vt 1.0000 0.0000
vt 0.5000 0.0000
vt 0.0000 0.0000
vt 0.0000 0.0000
vt 0.0000 0.0000
vt 0.0000 0.0000
vt 0.0000 0.0000
vt 0.0000 0.0000
vt 0.0000 0.0000
vt 0.0000 0.0000
vt 0.0000 0.0000
vt 0.0000 0.0000
vt 0.0000 0.0000
vt 0.0000 0.0000
vt 0.0000 0.0000
vt 0.0000 0.0000
vt 0.0000 0.0000
vt 0.0000 0.0000
vt 0.5000 0.5000
vt 0.5109 0.4658
vt 0.0218 0.0000
vt 0.0109 0.0342
vt 0.5000 0.5000
vt 0.0109 0.0342
vt 0.0000 0.0683
vt 0.4891 0.5342
vt 0.0000 0.0000
vt 0.0000 0.0000
vt 0.0000 0.0000
vt 0.0000 0.0000

vn 0.4853 -0.8743 0.0000
vn -0.4853 0.8743 -0.0000
vn 0.0000 -0.0000 -1.0000
vn -0.8743 -0.4853 0.0000
vn -0.0000 0.0000 -1.0000
vn 0.4853 -0.8743 0.0000
vn 0.0000 0.0000 1.0000
vn 0.0000 0.0000 1.0000
vn -0.8743 -0.4853 -0.0000

o 交通组7号推演三维模型_120
g 交通组7号推演三维模型

usemtl ce26b266-2f57-41ff-8235-768896f168d1
f 1475/3829/903 1476/3830/903 1477/3831/903 1478/3832/903 
usemtl f0e22b69-69ed-456d-902f-0580a5c73742
f 1479/3833/904 1480/3834/904 1481/3835/904 1482/3836/904 
usemtl mtl_default
f 1477/3837/905 1483/3838/905 1484/3839/905 1478/3840/905 
f 1476/3841/906 1485/3842/906 1483/3843/906 1477/3844/906 
f 1482/3845/907 1481/3846/907 1484/3847/907 1483/3848/907 
f 1485/3849/908 1483/3850/908 1484/3851/908 1486/3852/908 
usemtl fe719946-2d97-46fe-8c0d-50e19515b4e3
f 1485/3853/909 1476/3854/909 1475/3855/909 1486/3856/909 
f 1485/3857/910 1486/3858/910 1480/3859/910 1479/3860/910 
usemtl mtl_default
f 1485/3861/911 1479/3862/911 1482/3863/911 1483/3864/911 

#VSize: 16, VTSize: 40, VNSize: 9, FSize: 9
v 2.868186 7.355144 -0.029177
v 2.816222 7.396731 -0.029177
v 2.750068 7.389419 -0.029177
v 2.708440 7.337487 -0.029177
v 2.715699 7.271328 -0.029177
v 2.767597 7.229658 -0.029177
v 2.833763 7.236865 -0.029177
v 2.875474 7.288730 -0.029177
v 2.708440 7.337487 -0.117382
v 2.715699 7.271328 -0.117382
v 2.816222 7.396731 -0.117382
v 2.750068 7.389419 -0.117382
v 2.875474 7.288730 -0.117382
v 2.868186 7.355144 -0.117382
v 2.833763 7.236865 -0.117382
v 2.767597 7.229658 -0.117382

vt 0.0000 0.0000
vt 0.0000 0.0000
vt 0.0000 0.0000
vt 0.0000 0.0000
vt 0.0000 0.0000
vt 0.0000 0.0000
vt 0.0000 0.0000
vt 0.0000 0.0000
vt 0.3546 1.0000
vt 0.3546 0.0000
vt 0.7506 0.0000
vt 0.7506 1.0000
vt 0.3547 1.0000
vt 0.3547 0.0000
vt 0.7508 0.0000
vt 0.7508 1.0000
vt 0.3536 1.0000
vt 0.3536 0.0000
vt 0.7511 0.0000
vt 0.7511 1.0000
vt 0.7503 1.0000
vt 0.7503 0.0000
vt 1.0000 0.0000
vt 1.0000 1.0000
vt 0.0435 1.0000
vt 0.0435 0.0000
vt 0.3542 0.0000
vt 0.3542 1.0000
vt 0.7508 1.0000
vt 0.7508 0.0000
vt 1.0000 0.0000
vt 1.0000 1.0000
vt 0.0436 1.0000
vt 0.0436 0.0000
vt 0.3547 0.0000
vt 0.3547 1.0000
vt 0.3542 1.0000
vt 0.3542 0.0000
vt 0.7503 0.0000
vt 0.7503 1.0000

vn 0.0000 0.0000 1.0000
vn -0.9940 -0.1091 0.0000
vn -0.1099 0.9939 0.0000
vn 0.9940 0.1091 0.0000
vn 0.7793 -0.6267 0.0000
vn -0.6261 -0.7798 0.0000
vn -0.7803 0.6254 0.0000
vn 0.6248 0.7808 0.0000
vn 0.1083 -0.9941 0.0000

o 交通组7号推演三维模型_121
g 交通组7号推演三维模型

usemtl mtl_default
f 1487/3865/912 1488/3866/912 1489/3867/912 1490/3868/912 1491/3869/912 1492/3870/912 1493/3871/912 1494/3872/912 
usemtl 13ed4d28-8096-4526-b589-a242c84f9276
f 1490/3873/913 1495/3874/913 1496/3875/913 1491/3876/913 
f 1488/3877/914 1497/3878/914 1498/3879/914 1489/3880/914 
f 1494/3881/915 1499/3882/915 1500/3883/915 1487/3884/915 
f 1493/3885/916 1501/3886/916 1499/3887/916 1494/3888/916 
f 1491/3889/917 1496/3890/917 1502/3891/917 1492/3892/917 
f 1489/3893/918 1498/3894/918 1495/3895/918 1490/3896/918 
f 1487/3897/919 1500/3898/919 1497/3899/919 1488/3900/919 
f 1492/3901/920 1502/3902/920 1501/3903/920 1493/3904/920 

#VSize: 16, VTSize: 40, VNSize: 9, FSize: 9
v 24.039318 6.945321 0.215752
v 24.099621 7.020851 0.215752
v 24.088780 7.116519 0.215752
v 24.013491 7.176530 0.215752
v 23.917814 7.165765 0.215752
v 23.857742 7.090523 0.215752
v 23.868433 6.994839 0.215752
v 23.943627 6.934708 0.215752
v 24.099621 7.020851 -0.029177
v 24.088780 7.116519 -0.029177
v 24.013491 7.176530 -0.029177
v 23.917814 7.165765 -0.029177
v 23.857742 7.090523 -0.029177
v 23.868433 6.994839 -0.029177
v 23.943627 6.934708 -0.029177
v 24.039318 6.945321 -0.029177

vt 0.7513 0.0438
vt 0.3539 0.0000
vt 0.0433 0.2495
vt 0.0000 0.6455
vt 0.2492 0.9563
vt 0.6451 1.0000
vt 0.9560 0.7510
vt 1.0000 0.3550
vt 0.0433 1.0000
vt 0.3539 1.0000
vt 0.3539 0.0000
vt 0.0433 0.0000
vt 0.7508 1.0000
vt 1.0000 1.0000
vt 1.0000 0.0000
vt 0.7508 0.0000
vt 0.0440 1.0000
vt 0.3549 1.0000
vt 0.3549 0.0000
vt 0.0440 0.0000
vt 0.7513 1.0000
vt 1.0000 1.0000
vt 1.0000 0.0000
vt 0.7513 0.0000
vt 0.3545 1.0000
vt 0.7505 1.0000
vt 0.7505 0.0000
vt 0.3545 0.0000
vt 0.3549 1.0000
vt 0.7508 1.0000
vt 0.7508 0.0000
vt 0.3549 0.0000
vt 0.3550 1.0000
vt 0.7510 1.0000
vt 0.7510 0.0000
vt 0.3550 0.0000
vt 0.3539 1.0000
vt 0.7513 1.0000
vt 0.7513 0.0000
vt 0.3539 0.0000

vn 0.0000 0.0000 1.0000
vn 0.9936 0.1126 0.0000
vn -0.1118 0.9937 0.0000
vn -0.9938 -0.1110 0.0000
vn 0.1102 -0.9939 0.0000
vn 0.6233 0.7820 0.0000
vn -0.7815 0.6239 0.0000
vn -0.6245 -0.7810 0.0000
vn 0.7815 -0.6239 0.0000

o 交通组7号推演三维模型_122
g 交通组7号推演三维模型

usemtl 58e2627b-8901-457b-8afb-e4e3c1aa69dc
f 1503/3905/921 1504/3906/921 1505/3907/921 1506/3908/921 1507/3909/921 1508/3910/921 1509/3911/921 1510/3912/921 
usemtl ab0ec295-96e8-4fbf-9a4d-d77f4e535cb0
f 1505/3913/922 1504/3914/922 1511/3915/922 1512/3916/922 
f 1507/3917/923 1506/3918/923 1513/3919/923 1514/3920/923 
f 1509/3921/924 1508/3922/924 1515/3923/924 1516/3924/924 
f 1503/3925/925 1510/3926/925 1517/3927/925 1518/3928/925 
f 1506/3929/926 1505/3930/926 1512/3931/926 1513/3932/926 
f 1508/3933/927 1507/3934/927 1514/3935/927 1515/3936/927 
f 1510/3937/928 1509/3938/928 1516/3939/928 1517/3940/928 
f 1504/3941/929 1503/3942/929 1518/3943/929 1511/3944/929 

